contractSymbol;Last Trade Date (EDT);strike;lastPrice;bid;ask;change;percentChange;volume;openInterest;impliedVolatility;inTheMoney;type;expiration;days_to_exp;moneyness;IVPDF;258.02
AAPL251010C00110000;09/10/2025 09:42;110;120.04;147.3;148.9;0;0.00%;0;1;255.47%;TRUE;call;10/10/2025;5;0.426323541;0.041138289;
AAPL251010C00120000;9/23/2025 12:28 PM;120;136.1;137.35;138.9;0;0.00%;0;7;238.28%;TRUE;call;10/10/2025;5;0.465080226;0.039546618;
AAPL251010C00135000;9/25/2025 2:40 PM;135;120.55;122.3;123.95;0;0.00%;0;2;203.91%;TRUE;call;10/10/2025;5;0.523215255;0.038854331;
AAPL251010C00140000;10/01/2025 12:28;140;116.35;117.35;118.9;0;0.00%;1;4;193.36%;TRUE;call;10/10/2025;5;0.542593597;0.038599176;
AAPL251010C00150000;9/18/2025 10:23 AM;150;87.76;107.35;108.95;0;0.00%;0;1;177.93%;TRUE;call;10/10/2025;5;0.581350283;0.037150063;
AAPL251010C00160000;9/30/2025 1:21 PM;160;93.91;97.4;98.95;0;0.00%;1;6;162.11%;TRUE;call;10/10/2025;5;0.620106968;0.035849863;
AAPL251010C00165000;10/01/2025 13:35;165;91.99;92.35;93.95;0;0.00%;1;0;149.22%;TRUE;call;10/10/2025;5;0.639485311;0.036317484;
AAPL251010C00170000;10/02/2025 15:27;170;87.87;87.4;88.95;0;0.00%;2;3;143.55%;TRUE;call;10/10/2025;5;0.658863654;0.035225259;
AAPL251010C00175000;10/03/2025 13:37;175;83.05;82.35;84;1.88;2.32%;2;4;134.57%;TRUE;call;10/10/2025;5;0.678241997;0.034905932;
AAPL251010C00180000;9/30/2025 12:45 PM;180;74.95;77.4;78.95;0;0.00%;2;45;125.78%;TRUE;call;10/10/2025;5;0.69762034;0.034578078;
AAPL251010C00185000;10/02/2025 11:00;185;71.47;72.35;74;0;0.00%;1;5;117.38%;TRUE;call;10/10/2025;5;0.716998682;0.034181088;
AAPL251010C00190000;10/03/2025 13:53;190;67.43;67.65;69;-0.87;-1.27%;1;25;120.51%;TRUE;call;10/10/2025;5;0.736377025;0.030752804;
AAPL251010C00195000;10/03/2025 14:22;195;63.37;62.4;63.75;0.63;1.00%;2;109;88.28%;TRUE;call;10/10/2025;5;0.755755368;0.037925319;
AAPL251010C00200000;10/03/2025 12:51;200;58.95;57.45;58.7;0.67;1.15%;79;148;80.86%;TRUE;call;10/10/2025;5;0.775133711;0.037616422;
AAPL251010C00205000;10/03/2025 15:51;205;52.97;52.7;54;0.25;0.47%;6;66;95.61%;TRUE;call;10/10/2025;5;0.794512053;0.029008828;
AAPL251010C00210000;10/03/2025 14:57;210;48.66;47.4;48.6;1.15;2.42%;105;195;96.73%;TRUE;call;10/10/2025;5;0.813890396;0.025775082;
AAPL251010C00215000;10/03/2025 15:29;215;43.1;42.4;44.05;0.35;0.82%;25;334;72.46%;TRUE;call;10/10/2025;5;0.833268739;0.030153154;
AAPL251010C00217500;10/03/2025 12:25;217.5;40.78;40.05;41.2;0.93;2.33%;101;11;61.91%;TRUE;call;10/10/2025;5;0.84295791;0.032922325;
AAPL251010C00220000;10/03/2025 15:53;220;38.1;37.75;38.45;0;0.00%;409;925;56.06%;TRUE;call;10/10/2025;5;0.852647082;0.033873082;
AAPL251010C00222500;10/03/2025 15:54;222.5;35.22;35.1;36.25;-0.08;-0.23%;271;51;58.01%;TRUE;call;10/10/2025;5;0.862336253;0.030485438;
AAPL251010C00225000;10/03/2025 15:48;225;33.05;32.65;33.8;0.1;0.30%;245;710;56.84%;TRUE;call;10/10/2025;5;0.872025424;0.028793299;
AAPL251010C00227500;10/03/2025 15:35;227.5;30.86;30.45;31.05;0.41;1.35%;1,303;237;54.00%;TRUE;call;10/10/2025;5;0.881714596;0.027865925;
AAPL251010C00230000;10/03/2025 15:54;230;27.79;28.1;28.5;0.14;0.51%;1,350;1,541;52.00%;TRUE;call;10/10/2025;5;0.891403767;0.02644513;
AAPL251010C00232500;10/03/2025 15:56;232.5;25.41;25.45;26.35;-0.39;-1.51%;47;295;51.03%;TRUE;call;10/10/2025;5;0.901092939;0.024452584;
AAPL251010C00235000;10/03/2025 15:57;235;22.96;22.5;23.5;0.34;1.50%;116;2,370;49.32%;TRUE;call;10/10/2025;5;0.91078211;0.022734439;
AAPL251010C00237500;10/03/2025 15:54;237.5;20.61;20.15;21.2;-0.17;-0.82%;260;127;49.00%;TRUE;call;10/10/2025;5;0.920471281;0.020350173;
AAPL251010C00240000;10/03/2025 15:57;240;18.28;18.2;18.6;0.71;4.04%;547;2,474;42.48%;TRUE;call;10/10/2025;5;0.930160453;0.020475977;
AAPL251010C00242500;10/03/2025 15:51;242.5;15.52;15.65;16.25;-0.14;-0.89%;136;1,815;40.38%;TRUE;call;10/10/2025;5;0.939849624;0.018502706;
AAPL251010C00245000;10/03/2025 15:59;245;13.4;13.4;13.6;0.54;4.20%;789;5,219;33.20%;TRUE;call;10/10/2025;5;0.949538795;0.018760858;
AAPL251010C00247500;10/03/2025 15:56;247.5;11.11;11.05;11.3;0.51;4.81%;5,551;918;31.20%;TRUE;call;10/10/2025;5;0.959227967;0.016121989;
AAPL251010C00250000;10/03/2025 15:59;250;8.9;8.85;9;0.47;5.58%;12,103;26,207;28.32%;TRUE;call;10/10/2025;5;0.968917138;0.013559467;
AAPL251010C00252500;10/03/2025 15:59;252.5;6.7;6.8;6.9;0.16;2.45%;2,123;4,174;26.51%;TRUE;call;10/10/2025;5;0.97860631;0.010062323;
AAPL251010C00255000;10/03/2025 15:59;255;5.05;4.9;5.1;0.18;3.70%;14,500;7,986;25.73%;TRUE;call;10/10/2025;5;0.988295481;0.005873195;
AAPL251010C00257500;10/03/2025 15:59;257.5;3.37;3.35;3.45;0.07;2.12%;27,191;6,909;24.15%;TRUE;call;10/10/2025;5;0.997984652;0.001503208;
AAPL251010C00260000;10/03/2025 15:59;260;2.15;2.14;2.18;-0.05;-2.27%;61,479;24,418;23.17%;FALSE;call;10/10/2025;5;1.007673824;-0.003329675;
AAPL251010C00262500;10/03/2025 15:59;262.5;1.28;1.26;1.3;-0.11;-7.91%;29,172;6,330;22.74%;FALSE;call;10/10/2025;5;1.017362995;-0.008324705;
AAPL251010C00265000;10/03/2025 15:59;265;0.73;0.7;0.73;-0.12;-14.12%;22,298;10,713;22.58%;FALSE;call;10/10/2025;5;1.027052166;-0.013299259;
AAPL251010C00267500;10/03/2025 15:59;267.5;0.4;0.38;0.4;-0.14;-25.93%;8,427;2,460;22.78%;FALSE;call;10/10/2025;5;1.036741338;-0.018003443;
AAPL251010C00270000;10/03/2025 15:59;270;0.2;0.2;0.21;-0.13;-39.39%;35,828;14,246;23.05%;FALSE;call;10/10/2025;5;1.046430509;-0.02251154;
AAPL251010C00272500;10/03/2025 15:59;272.5;0.11;0.1;0.12;-0.1;-47.62%;5,821;3,957;23.83%;FALSE;call;10/10/2025;5;1.056119681;-0.026288999;
AAPL251010C00275000;10/03/2025 15:59;275;0.07;0.06;0.07;-0.06;-46.15%;5,209;8,179;24.71%;FALSE;call;10/10/2025;5;1.065808852;-0.029664454;
AAPL251010C00280000;10/03/2025 15:57;280;0.02;0.02;0.03;-0.05;-71.43%;1,703;2,336;27.15%;FALSE;call;10/10/2025;5;1.085187195;-0.034728539;
AAPL251010C00285000;10/03/2025 15:55;285;0.01;0.01;0.02;-0.03;-75.00%;976;1,429;30.86%;FALSE;call;10/10/2025;5;1.104565538;-0.0372103;
AAPL251010C00290000;10/03/2025 15:38;290;0.01;0;0.02;-0.01;-50.00%;171;871;35.55%;FALSE;call;10/10/2025;5;1.12394388;-0.037956882;
AAPL251010C00295000;10/03/2025 11:44;295;0.01;0;0.01;-0.01;-50.00%;174;1,351;37.50%;FALSE;call;10/10/2025;5;1.143322223;-0.041287922;
AAPL251010C00300000;10/03/2025 09:55;300;0.01;0;0.01;0;0.00%;143;1,620;41.41%;FALSE;call;10/10/2025;5;1.162700566;-0.042080059;
AAPL251010C00305000;10/02/2025 09:49;305;0.01;0;0.01;0;0.00%;1;297;45.31%;FALSE;call;10/10/2025;5;1.182078909;-0.042667936;
AAPL251010C00310000;10/02/2025 11:37;310;0.01;0;0.01;0;0.00%;300;750;49.22%;FALSE;call;10/10/2025;5;1.201457251;-0.043084838;
AAPL251010C00315000;9/23/2025 2:02 PM;315;0.03;0;0.01;0;0.00%;0;63;50.00%;FALSE;call;10/10/2025;5;1.220835594;-0.046145641;
AAPL251010C00320000;9/25/2025 9:47 AM;320;0.02;0;0.01;0;0.00%;0;189;53.13%;FALSE;call;10/10/2025;5;1.240213937;-0.046847622;
AAPL251010C00325000;10/03/2025 14:01;325;0.01;0;0.01;0;0.00%;2;29;57.81%;FALSE;call;10/10/2025;5;1.25959228;-0.046122045;
AAPL251010P00120000;9/15/2025 2:36 PM;120;0.01;0;0.01;0;0.00%;4;34;181.25%;FALSE;put;10/10/2025;5;0.465080226;0.05093161;
AAPL251010P00125000;9/23/2025 9:30 AM;125;0.01;0;0.01;0;0.00%;1;2;168.75%;FALSE;put;10/10/2025;5;0.484458569;0.05166516;
AAPL251010P00135000;9/16/2025 3:23 PM;135;0.01;0;0.01;0;0.00%;80;103;153.13%;FALSE;put;10/10/2025;5;0.523215255;0.050789724;
AAPL251010P00140000;9/22/2025 2:48 PM;140;0.01;0;0.01;0;0.00%;0;110;143.75%;FALSE;put;10/10/2025;5;0.542593597;0.050987514;
AAPL251010P00145000;09/08/2025 11:38;145;0.02;0;0.01;0;0.00%;0;15;137.50%;FALSE;put;10/10/2025;5;0.56197194;0.050215647;
AAPL251010P00150000;9/22/2025 10:24 AM;150;0.01;0;0.01;0;0.00%;1;7;131.25%;FALSE;put;10/10/2025;5;0.581350283;0.049481136;
AAPL251010P00155000;9/25/2025 11:21 AM;155;0.01;0;0.01;0;0.00%;191;212;121.88%;FALSE;put;10/10/2025;5;0.600728626;0.049980381;
AAPL251010P00160000;9/26/2025 3:05 PM;160;0.01;0;0.01;0;0.00%;227;318;115.63%;FALSE;put;10/10/2025;5;0.620106968;0.04936538;
AAPL251010P00165000;10/01/2025 09:30;165;0.02;0;0.01;0;0.00%;1;299;109.38%;FALSE;put;10/10/2025;5;0.639485311;0.04879037;
AAPL251010P00170000;10/01/2025 14:33;170;0.01;0;0.01;0;0.00%;10;278;100.00%;FALSE;put;10/10/2025;5;0.658863654;0.049715428;
AAPL251010P00175000;10/01/2025 14:34;175;0.02;0;0.01;0;0.00%;109;211;93.75%;FALSE;put;10/10/2025;5;0.678241997;0.049307329;
AAPL251010P00180000;10/03/2025 15:33;180;0.01;0;0.01;0;0.00%;43;1,322;87.50%;FALSE;put;10/10/2025;5;0.69762034;0.048957325;
AAPL251010P00185000;10/03/2025 15:10;185;0.02;0;0.03;0.01;100.00%;103;1,120;90.63%;FALSE;put;10/10/2025;5;0.716998682;0.043777558;
AAPL251010P00190000;10/03/2025 14:30;190;0.01;0;0.02;0;0.00%;58;849;81.25%;FALSE;put;10/10/2025;5;0.736377025;0.044830845;
AAPL251010P00195000;10/01/2025 15:13;195;0.01;0;0.02;-0.01;-50.00%;1;343;74.22%;FALSE;put;10/10/2025;5;0.755755368;0.044862897;
AAPL251010P00200000;10/03/2025 15:49;200;0.01;0.01;0.02;-0.01;-50.00%;29;1,473;70.31%;FALSE;put;10/10/2025;5;0.775133711;0.043078839;
AAPL251010P00205000;10/03/2025 15:19;205;0.02;0.01;0.02;-0.01;-33.33%;58;3,664;64.06%;FALSE;put;10/10/2025;5;0.794512053;0.042665251;
AAPL251010P00210000;10/03/2025 15:30;210;0.03;0.02;0.03;0;0.00%;117;1,348;61.33%;FALSE;put;10/10/2025;5;0.813890396;0.039920984;
AAPL251010P00215000;10/03/2025 13:28;215;0.02;0.02;0.03;0;0.00%;116;1,159;54.69%;FALSE;put;10/10/2025;5;0.833268739;0.039619214;
AAPL251010P00217500;10/03/2025 10:21;217.5;0.03;0.02;0.03;-0.01;-25.00%;8;1,152;51.56%;FALSE;put;10/10/2025;5;0.84295791;0.039348329;
AAPL251010P00220000;10/03/2025 15:56;220;0.02;0.02;0.04;-0.01;-33.33%;445;6,120;51.37%;FALSE;put;10/10/2025;5;0.852647082;0.036886953;
AAPL251010P00222500;10/03/2025 15:53;222.5;0.03;0.02;0.03;-0.01;-25.00%;191;318;46.48%;FALSE;put;10/10/2025;5;0.862336253;0.037839816;
AAPL251010P00225000;10/03/2025 15:25;225;0.04;0.03;0.04;-0.01;-20.00%;163;2,628;44.92%;FALSE;put;10/10/2025;5;0.872025424;0.036217267;
AAPL251010P00227500;10/03/2025 14:19;227.5;0.05;0.03;0.04;0;0.00%;137;353;41.60%;FALSE;put;10/10/2025;5;0.881714596;0.035943476;
AAPL251010P00230000;10/03/2025 15:59;230;0.04;0.04;0.05;-0.02;-33.33%;309;2,582;39.65%;FALSE;put;10/10/2025;5;0.891403767;0.034453085;
AAPL251010P00232500;10/03/2025 15:28;232.5;0.05;0.05;0.06;-0.02;-28.57%;175;1,286;37.21%;FALSE;put;10/10/2025;5;0.901092939;0.033271442;
AAPL251010P00235000;10/03/2025 15:56;235;0.06;0.06;0.07;-0.03;-33.33%;835;2,480;34.67%;FALSE;put;10/10/2025;5;0.91078211;0.032056217;
AAPL251010P00237500;10/03/2025 15:54;237.5;0.14;0.08;0.09;0.02;16.67%;400;1,375;32.52%;FALSE;put;10/10/2025;5;0.920471281;0.030331441;
AAPL251010P00240000;10/03/2025 15:59;240;0.12;0.11;0.13;-0.05;-29.41%;1,440;3,523;30.86%;FALSE;put;10/10/2025;5;0.930160453;0.027964358;
AAPL251010P00242500;10/03/2025 15:58;242.5;0.18;0.16;0.18;-0.05;-21.74%;2,346;3,001;28.91%;FALSE;put;10/10/2025;5;0.939849624;0.025622995;
AAPL251010P00245000;10/03/2025 15:59;245;0.27;0.26;0.27;-0.1;-27.03%;4,761;4,144;27.30%;FALSE;put;10/10/2025;5;0.949538795;0.022710438;
AAPL251010P00247500;10/03/2025 15:59;247.5;0.43;0.41;0.44;-0.14;-24.56%;3,242;4,073;26.22%;FALSE;put;10/10/2025;5;0.959227967;0.019096516;
AAPL251010P00250000;10/03/2025 15:59;250;0.7;0.68;0.7;-0.2;-22.22%;14,974;6,151;25.03%;FALSE;put;10/10/2025;5;0.968917138;0.015285468;
AAPL251010P00252500;10/03/2025 15:59;252.5;1.12;1.09;1.12;-0.28;-20.00%;11,248;5,051;24.02%;FALSE;put;10/10/2025;5;0.97860631;0.011063385;
AAPL251010P00255000;10/03/2025 15:59;255;1.74;1.71;1.75;-0.42;-19.44%;21,404;4,210;23.05%;FALSE;put;10/10/2025;5;0.988295481;0.006510569;
AAPL251010P00257500;10/03/2025 15:59;257.5;2.66;2.59;2.71;-0.49;-15.56%;11,360;2,596;22.47%;FALSE;put;10/10/2025;5;0.997984652;0.00158765;
AAPL251010P00260000;10/03/2025 15:59;260;4;3.85;4;-0.6;-13.04%;6,196;680;21.92%;TRUE;put;10/10/2025;5;1.007673824;-0.003540156;
AAPL251010P00262500;10/03/2025 15:54;262.5;6;5.5;5.65;-0.5;-7.69%;1,853;843;21.57%;TRUE;put;10/10/2025;5;1.017362995;-0.0087955;
AAPL251010P00265000;10/03/2025 15:58;265;7.6;7.4;7.6;-0.7;-8.43%;1,128;222;21.29%;TRUE;put;10/10/2025;5;1.027052166;-0.014126356;
AAPL251010P00267500;10/03/2025 11:16;267.5;9.88;9.5;10.05;-0.62;-5.90%;63;21;25.29%;TRUE;put;10/10/2025;5;1.036741338;-0.016178449;
AAPL251010P00270000;10/03/2025 15:54;270;12.47;11.95;12.3;0.22;1.80%;188;125;25.42%;TRUE;put;10/10/2025;5;1.046430509;-0.020376562;
AAPL251010P00272500;10/03/2025 15:25;272.5;14.6;14.05;14.95;-1.99;-12.00%;9;1;32.13%;TRUE;put;10/10/2025;5;1.056119681;-0.019382204;
AAPL251010P00275000;10/03/2025 14:38;275;16.95;16.45;17.55;-0.55;-3.14%;63;7;37.82%;TRUE;put;10/10/2025;5;1.065808852;-0.019208018;
AAPL251010P00280000;10/03/2025 14:21;280;21.6;21.55;22.5;-2;-8.47%;25;5;44.43%;TRUE;put;10/10/2025;5;1.085187195;-0.020998821;
AAPL251010P00290000;9/29/2025 11:48 AM;290;36.46;31.6;32.55;0;0.00%;2;0;59.55%;TRUE;put;10/10/2025;5;1.12394388;-0.022352401;
AAPL251010P00295000;9/24/2025 3:57 PM;295;42.75;36.5;37.55;0;0.00%;2;0;66.16%;TRUE;put;10/10/2025;5;1.143322223;-0.023042603;
AAPL251010P00300000;9/22/2025 10:56 AM;300;46.68;41.5;42.55;0;0.00%;1;0;72.51%;TRUE;put;10/10/2025;5;1.162700566;-0.023640207;
AAPL251010P00310000;9/26/2025 9:31 AM;310;55.7;51.5;52.55;0;0.00%;3;0;57.81%;TRUE;put;10/10/2025;5;1.201457251;-0.036555472;
AAPL251017C00105000;7/21/2025 10:02 AM;105;110.26;149.7;151.65;0;0.00%;2;14;0.00%;TRUE;call;17/10/2025;12;0.406945198;16331.80853;
AAPL251017C00110000;09/12/2025 09:59;110;121;147.15;148.85;0;0.00%;345;462;238.28%;TRUE;call;17/10/2025;12;0.426323541;0.072102376;
AAPL251017C00115000;8/20/2025 3:50 PM;115;112.7;139.7;141.45;0;0.00%;1;99;0.00%;TRUE;call;17/10/2025;12;0.445701884;14682.31402;
AAPL251017C00120000;7/16/2025 9:52 AM;120;91.56;134.75;136.7;0;0.00%;1;67;0.00%;TRUE;call;17/10/2025;12;0.465080226;13910.62579;
AAPL251017C00125000;9/16/2025 9:52 AM;125;114.66;132.15;133.9;0;0.00%;3;19;115.63%;TRUE;call;17/10/2025;12;0.484458569;0.117347121;
AAPL251017C00130000;9/23/2025 3:53 PM;130;124.4;127.2;128.7;0;0.00%;10;164;189.26%;TRUE;call;17/10/2025;12;0.503836912;0.071472393;
AAPL251017C00135000;9/30/2025 3:21 PM;135;119;122.15;123.95;0;0.00%;2;73;121.09%;TRUE;call;17/10/2025;12;0.523215255;0.100850075;
AAPL251017C00140000;9/29/2025 12:31 PM;140;114.3;117.2;118.9;0;0.00%;18;82;114.84%;TRUE;call;17/10/2025;12;0.542593597;0.100213944;
AAPL251017C00145000;9/29/2025 9:32 AM;145;109.53;112.2;113.7;0;0.00%;1;178;162.21%;TRUE;call;17/10/2025;12;0.56197194;0.069437754;
AAPL251017C00150000;10/03/2025 15:47;150;107.91;107.55;109.25;-0.59;-0.54%;8;726;139.94%;TRUE;call;17/10/2025;12;0.581350283;0.074662214;
AAPL251017C00155000;10/03/2025 14:35;155;103.37;102.45;104.1;3.83;3.85%;2;176;124.81%;TRUE;call;17/10/2025;12;0.600728626;0.077992872;
AAPL251017C00160000;10/01/2025 09:30;160;97.77;97.6;98.7;1.83;1.91%;1;299;107.62%;TRUE;call;17/10/2025;12;0.620106968;0.083994882;
AAPL251017C00165000;10/02/2025 10:08;165;91.25;92.8;94.15;0;0.00%;2;234;121.39%;TRUE;call;17/10/2025;12;0.639485311;0.07064491;
AAPL251017C00170000;10/01/2025 15:34;170;86.48;87.8;89.1;0;0.00%;78;655;113.23%;TRUE;call;17/10/2025;12;0.658863654;0.070451558;
AAPL251017C00175000;10/03/2025 10:52;175;84.25;82.95;83.75;3.8;4.72%;11;1,043;101.95%;TRUE;call;17/10/2025;12;0.678241997;0.072381376;
AAPL251017C00180000;10/03/2025 15:49;180;79.35;77.9;78.85;1.15;1.47%;44;1,730;96.58%;TRUE;call;17/10/2025;12;0.69762034;0.07078809;
AAPL251017C00185000;10/03/2025 13:08;185;73.27;73;74.1;1.98;2.78%;8;654;96.48%;TRUE;call;17/10/2025;12;0.716998682;0.065706332;
AAPL251017C00190000;10/03/2025 12:15;190;68;67.95;69.1;0.05;0.07%;3;1,398;89.11%;TRUE;call;17/10/2025;12;0.736377025;0.065256778;
AAPL251017C00195000;10/03/2025 14:54;195;63.85;62.65;64.5;0.85;1.35%;12;1,876;84.08%;TRUE;call;17/10/2025;12;0.755755368;0.063250262;
AAPL251017C00200000;10/03/2025 14:50;200;57.92;58.05;59.1;-0.33;-0.57%;47;2,959;77.69%;TRUE;call;17/10/2025;12;0.775133711;0.062147138;
AAPL251017C00205000;10/03/2025 15:58;205;53.35;52.5;54.3;0.55;1.04%;32;11,054;66.50%;TRUE;call;17/10/2025;12;0.794512053;0.065148739;
AAPL251017C00210000;10/03/2025 14:38;210;48.5;47.8;48.75;0.5;1.04%;142;20,394;56.54%;TRUE;call;17/10/2025;12;0.813890396;0.06825125;
AAPL251017C00215000;10/03/2025 15:53;215;43.31;43.15;43.95;0.38;0.89%;184;13,113;58.40%;TRUE;call;17/10/2025;12;0.833268739;0.058881059;
AAPL251017C00217500;10/03/2025 13:40;217.5;41.08;39.95;41.45;2.34;6.04%;29;30;62.67%;TRUE;call;17/10/2025;12;0.84295791;0.051770382;
AAPL251017C00220000;10/03/2025 15:54;220;38.1;38.15;38.9;0.07;0.18%;760;13,232;51.81%;TRUE;call;17/10/2025;12;0.852647082;0.057907013;
AAPL251017C00222500;10/03/2025 15:18;222.5;35.76;34.9;36.75;1.06;3.05%;1;14;60.21%;TRUE;call;17/10/2025;12;0.862336253;0.046891504;
AAPL251017C00225000;10/03/2025 14:40;225;33.55;33.2;33.9;0.53;1.61%;161;13,738;52.05%;TRUE;call;17/10/2025;12;0.872025424;0.049825879;
AAPL251017C00227500;10/03/2025 15:18;227.5;30.85;30;31.75;1.07;3.59%;49;101;53.32%;TRUE;call;17/10/2025;12;0.881714596;0.044956408;
AAPL251017C00230000;10/03/2025 15:58;230;28.5;28.35;28.85;0.6;2.15%;1,926;19,362;44.87%;TRUE;call;17/10/2025;12;0.891403767;0.04845501;
AAPL251017C00232500;10/03/2025 14:48;232.5;26.65;25.55;26.7;0.63;2.42%;10;46;45.85%;TRUE;call;17/10/2025;12;0.901092939;0.043201934;
AAPL251017C00235000;10/03/2025 15:40;235;23.8;23.5;23.8;1;4.39%;849;17,565;37.77%;TRUE;call;17/10/2025;12;0.91078211;0.046776277;
AAPL251017C00237500;10/03/2025 15:50;237.5;20.78;20.5;21.75;-0.02;-0.10%;39;210;39.43%;TRUE;call;17/10/2025;12;0.920471281;0.040037848;
AAPL251017C00240000;10/03/2025 15:55;240;18.64;18.7;19;0.44;2.42%;1,804;27,926;33.42%;TRUE;call;17/10/2025;12;0.930160453;0.041166249;
AAPL251017C00242500;10/03/2025 15:53;242.5;16.2;16.25;16.75;-0.13;-0.80%;67;324;32.31%;TRUE;call;17/10/2025;12;0.939849624;0.036697877;
AAPL251017C00245000;10/03/2025 15:59;245;14.15;14.1;14.35;0.35;2.54%;1,677;17,479;29.49%;TRUE;call;17/10/2025;12;0.949538795;0.033724874;
AAPL251017C00247500;10/03/2025 15:27;247.5;11.75;11.9;12.15;-0.15;-1.26%;289;2,617;27.93%;TRUE;call;17/10/2025;12;0.959227967;0.028922278;
AAPL251017C00250000;10/03/2025 15:58;250;9.84;9.9;10;0.19;1.97%;3,817;34,550;26.15%;TRUE;call;17/10/2025;12;0.968917138;0.023812734;
AAPL251017C00252500;10/03/2025 15:53;252.5;7.8;7.95;8.1;0;0.00%;1,359;2,258;25.23%;TRUE;call;17/10/2025;12;0.97860631;0.017474498;
AAPL251017C00255000;10/03/2025 15:54;255;6.28;6.25;6.35;0.18;2.95%;4,277;20,747;24.27%;TRUE;call;17/10/2025;12;0.988295481;0.01074704;
AAPL251017C00257500;10/03/2025 15:59;257.5;4.72;4.7;4.8;-0.03;-0.63%;4,952;9,153;23.37%;TRUE;call;17/10/2025;12;0.997984652;0.003537078;
AAPL251017C00260000;10/03/2025 15:59;260;3.48;3.45;3.55;-0.02;-0.57%;24,747;28,484;22.93%;FALSE;call;17/10/2025;12;1.007673824;-0.004061373;
AAPL251017C00262500;10/03/2025 15:58;262.5;2.45;2.46;2.51;-0.14;-5.41%;6,136;8,739;22.41%;FALSE;call;17/10/2025;12;1.017362995;-0.011929266;
AAPL251017C00265000;10/03/2025 15:59;265;1.73;1.69;1.75;-0.07;-3.89%;7,734;15,283;22.27%;FALSE;call;17/10/2025;12;1.027052166;-0.019729747;
AAPL251017C00267500;10/03/2025 15:58;267.5;1.16;1.14;1.18;-0.1;-7.94%;2,946;2,155;22.16%;FALSE;call;17/10/2025;12;1.036741338;-0.027516857;
AAPL251017C00270000;10/03/2025 15:59;270;0.78;0.76;0.79;-0.1;-11.36%;12,726;19,640;22.25%;FALSE;call;17/10/2025;12;1.046430509;-0.034980554;
AAPL251017C00272500;10/03/2025 15:55;272.5;0.5;0.51;0.53;-0.11;-18.03%;511;582;22.51%;FALSE;call;17/10/2025;12;1.056119681;-0.041984862;
AAPL251017C00275000;10/03/2025 15:59;275;0.35;0.34;0.36;-0.09;-20.45%;2,122;13,176;22.95%;FALSE;call;17/10/2025;12;1.065808852;-0.0483689;
AAPL251017C00280000;10/03/2025 15:50;280;0.17;0.16;0.17;-0.05;-22.73%;1,408;11,475;23.98%;FALSE;call;17/10/2025;12;1.085187195;-0.059855061;
AAPL251017C00285000;10/03/2025 15:48;285;0.09;0.08;0.09;-0.04;-30.77%;633;3,576;25.39%;FALSE;call;17/10/2025;12;1.104565538;-0.069088925;
AAPL251017C00290000;10/03/2025 15:28;290;0.05;0.05;0.06;-0.04;-44.44%;463;3,889;27.54%;FALSE;call;17/10/2025;12;1.12394388;-0.075022361;
AAPL251017C00295000;10/03/2025 13:44;295;0.03;0.03;0.04;-0.01;-25.00%;218;4,213;29.49%;FALSE;call;17/10/2025;12;1.143322223;-0.080459504;
AAPL251017C00300000;10/03/2025 15:58;300;0.02;0.01;0.03;-0.01;-33.33%;564;12,479;31.64%;FALSE;call;17/10/2025;12;1.162700566;-0.084499837;
AAPL251017C00305000;10/03/2025 13:51;305;0.01;0.01;0.02;-0.01;-50.00%;35;634;33.20%;FALSE;call;17/10/2025;12;1.182078909;-0.089465758;
AAPL251017C00310000;10/03/2025 13:54;310;0.01;0.01;0.02;-0.01;-50.00%;68;1,766;35.94%;FALSE;call;17/10/2025;12;1.201457251;-0.090691429;
AAPL251017C00315000;10/03/2025 11:46;315;0.02;0;0.01;0;0.00%;11;617;35.94%;FALSE;call;17/10/2025;12;1.220835594;-0.098763468;
AAPL251017C00320000;10/03/2025 14:48;320;0.01;0;0.01;0;0.00%;28;1,546;39.06%;FALSE;call;17/10/2025;12;1.240213937;-0.098006484;
AAPL251017C00325000;10/01/2025 10:23;325;0.01;0;0.01;0;0.00%;3;642;41.41%;FALSE;call;17/10/2025;12;1.25959228;-0.099097235;
AAPL251017C00330000;10/02/2025 11:32;330;0.01;0;0.01;0;0.00%;11;885;43.75%;FALSE;call;17/10/2025;12;1.278970622;-0.09998868;
AAPL251017C00335000;9/26/2025 10:02 AM;335;0.01;0;0.01;0;0.00%;20;82;46.09%;FALSE;call;17/10/2025;12;1.298348965;-0.100692206;
AAPL251017C00340000;9/24/2025 9:52 AM;340;0.01;0;0.01;0;0.00%;35;153;48.44%;FALSE;call;17/10/2025;12;1.317727308;-0.101216104;
AAPL251017C00345000;9/26/2025 9:30 AM;345;0.01;0;0.01;0;0.00%;1;391;50.78%;FALSE;call;17/10/2025;12;1.337105651;-0.101628433;
AAPL251017C00350000;8/19/2025 2:49 PM;350;0.01;0;0.01;0;0.00%;150;450;50.00%;FALSE;call;17/10/2025;12;1.356483993;-0.108478474;
AAPL251017C00355000;9/22/2025 10:45 AM;355;0.01;0;0.01;0;0.00%;25;225;53.13%;FALSE;call;17/10/2025;12;1.375862336;-0.106747579;
AAPL251017C00360000;08/06/2025 13:51;360;0.01;0;0.01;0;0.00%;1;1,497;54.69%;FALSE;call;17/10/2025;12;1.395240679;-0.108247972;
AAPL251017C00370000;9/29/2025 9:30 AM;370;0.01;0;0.01;0;0.00%;16;2,844;57.81%;FALSE;call;17/10/2025;12;1.433997365;-0.11081843;
AAPL251017P00090000;9/29/2025 9:30 AM;90;0.01;0;0.01;0;0.00%;6;955;168.75%;FALSE;put;17/10/2025;12;0.34881017;0.118373457;
AAPL251017P00095000;10/01/2025 12:28;95;0.01;0;0.01;0;0.00%;1;1,135;156.25%;FALSE;put;17/10/2025;12;0.368188513;0.120794161;
AAPL251017P00100000;9/22/2025 9:46 AM;100;0.01;0;0.01;0;0.00%;3;860;150.00%;FALSE;put;17/10/2025;12;0.387566855;0.119246611;
AAPL251017P00105000;09/12/2025 11:56;105;0.02;0;0.01;0;0.00%;1;292;143.75%;FALSE;put;17/10/2025;12;0.406945198;0.117896422;
AAPL251017P00110000;9/22/2025 9:55 AM;110;0.01;0;0.01;0;0.00%;5;615;137.50%;FALSE;put;17/10/2025;12;0.426323541;0.116739784;
AAPL251017P00115000;9/19/2025 12:15 PM;115;0.01;0;0.21;0;0.00%;20;595;170.31%;FALSE;put;17/10/2025;12;0.445701884;0.091285118;
AAPL251017P00120000;9/30/2025 11:44 AM;120;0.01;0;0.17;0;0.00%;1;5,856;158.20%;FALSE;put;17/10/2025;12;0.465080226;0.092645402;
AAPL251017P00125000;10/03/2025 15:24;125;0.01;0;0.01;0;0.00%;40;1,667;115.63%;FALSE;put;17/10/2025;12;0.484458569;0.117347121;
AAPL251017P00130000;10/03/2025 14:35;130;0.01;0;0.02;0;0.00%;77;1,186;115.63%;FALSE;put;17/10/2025;12;0.503836912;0.111196975;
AAPL251017P00135000;10/02/2025 12:08;135;0.01;0;0.02;0;0.00%;20;1,455;110.94%;FALSE;put;17/10/2025;12;0.523215255;0.109444117;
AAPL251017P00140000;10/03/2025 13:34;140;0.02;0;0.02;0.01;100.00%;854;1,711;104.69%;FALSE;put;17/10/2025;12;0.542593597;0.109295493;
AAPL251017P00145000;10/03/2025 14:35;145;0.02;0;0.02;0;0.00%;159;4,283;98.44%;FALSE;put;17/10/2025;12;0.56197194;0.10938674;
AAPL251017P00150000;10/03/2025 14:36;150;0.01;0;0.03;-0.01;-50.00%;105;11,433;96.88%;FALSE;put;17/10/2025;12;0.581350283;0.104709461;
AAPL251017P00155000;10/03/2025 13:51;155;0.02;0;0.03;0;0.00%;105;3,077;91.41%;FALSE;put;17/10/2025;12;0.600728626;0.104135339;
AAPL251017P00160000;10/03/2025 14:36;160;0.02;0.01;0.03;-0.01;-33.33%;345;14,303;88.28%;FALSE;put;17/10/2025;12;0.620106968;0.101116732;
AAPL251017P00165000;10/03/2025 13:46;165;0.03;0.01;0.03;0;0.00%;195;6,499;82.81%;FALSE;put;17/10/2025;12;0.639485311;0.100721424;
AAPL251017P00170000;10/03/2025 15:44;170;0.03;0.01;0.04;0;0.00%;37;7,278;79.30%;FALSE;put;17/10/2025;12;0.658863654;0.098139871;
AAPL251017P00175000;10/03/2025 13:36;175;0.04;0.03;0.1;0;0.00%;730;4,690;82.03%;FALSE;put;17/10/2025;12;0.678241997;0.088626462;
AAPL251017P00180000;10/03/2025 15:26;180;0.04;0.02;0.05;0;0.00%;424;11,877;71.88%;FALSE;put;17/10/2025;12;0.69762034;0.09338715;
AAPL251017P00185000;10/02/2025 15:56;185;0.06;0.03;0.05;0;0.00%;129;10,075;67.58%;FALSE;put;17/10/2025;12;0.716998682;0.091713515;
AAPL251017P00190000;10/03/2025 15:11;190;0.05;0.03;0.06;0;0.00%;244;14,239;63.48%;FALSE;put;17/10/2025;12;0.736377025;0.089767454;
AAPL251017P00195000;10/03/2025 14:37;195;0.06;0.03;0.06;0.01;20.00%;48;9,805;58.59%;FALSE;put;17/10/2025;12;0.755755368;0.088917236;
AAPL251017P00200000;10/03/2025 15:26;200;0.06;0.05;0.06;-0.01;-14.29%;378;16,941;55.08%;FALSE;put;17/10/2025;12;0.775133711;0.086033236;
AAPL251017P00205000;10/03/2025 14:38;205;0.07;0.05;0.07;-0.01;-12.50%;100;12,087;50.78%;FALSE;put;17/10/2025;12;0.794512053;0.084234338;
AAPL251017P00210000;10/03/2025 14:38;210;0.08;0.07;0.08;-0.01;-11.11%;122;28,755;47.75%;FALSE;put;17/10/2025;12;0.813890396;0.080242718;
AAPL251017P00215000;10/03/2025 14:41;215;0.09;0.08;0.09;-0.01;-10.00%;149;16,786;43.56%;FALSE;put;17/10/2025;12;0.833268739;0.077904844;
AAPL251017P00217500;10/02/2025 15:18;217.5;0.1;0.08;0.1;0;0.00%;1;481;41.80%;FALSE;put;17/10/2025;12;0.84295791;0.076063129;
AAPL251017P00220000;10/03/2025 15:59;220;0.09;0.09;0.11;-0.03;-25.00%;228;20,105;39.84%;FALSE;put;17/10/2025;12;0.852647082;0.074484098;
AAPL251017P00222500;10/03/2025 15:05;222.5;0.12;0.1;0.12;-0.01;-7.69%;16;319;37.89%;FALSE;put;17/10/2025;12;0.862336253;0.072790906;
AAPL251017P00225000;10/03/2025 15:50;225;0.14;0.11;0.13;-0.01;-6.67%;1,390;12,514;35.84%;FALSE;put;17/10/2025;12;0.872025424;0.071176069;
AAPL251017P00227500;10/03/2025 15:28;227.5;0.14;0.13;0.15;-0.03;-17.65%;121;1,249;34.18%;FALSE;put;17/10/2025;12;0.881714596;0.068669788;
AAPL251017P00230000;10/03/2025 15:47;230;0.16;0.16;0.17;-0.05;-23.81%;773;13,100;32.32%;FALSE;put;17/10/2025;12;0.891403767;0.066376349;
AAPL251017P00232500;10/03/2025 15:04;232.5;0.2;0.19;0.21;-0.05;-20.00%;1,346;2,478;30.86%;FALSE;put;17/10/2025;12;0.901092939;0.063075651;
AAPL251017P00235000;10/03/2025 15:48;235;0.25;0.24;0.26;-0.05;-16.67%;2,578;8,916;29.40%;FALSE;put;17/10/2025;12;0.91078211;0.05952277;
AAPL251017P00237500;10/03/2025 15:59;237.5;0.32;0.31;0.33;-0.05;-13.51%;242;1,385;28.05%;FALSE;put;17/10/2025;12;0.920471281;0.055464799;
AAPL251017P00240000;10/03/2025 15:59;240;0.43;0.42;0.43;-0.1;-18.87%;3,476;11,030;26.81%;FALSE;put;17/10/2025;12;0.930160453;0.050872794;
AAPL251017P00242500;10/03/2025 15:55;242.5;0.58;0.56;0.59;-0.1;-14.71%;538;4,127;25.86%;FALSE;put;17/10/2025;12;0.939849624;0.045418261;
AAPL251017P00245000;10/03/2025 15:55;245;0.83;0.78;0.81;-0.15;-15.31%;3,488;6,333;24.93%;FALSE;put;17/10/2025;12;0.949538795;0.039596627;
AAPL251017P00247500;10/03/2025 15:59;247.5;1.1;1.08;1.12;-0.28;-20.29%;738;4,856;24.09%;FALSE;put;17/10/2025;12;0.959227967;0.033285209;
AAPL251017P00250000;10/03/2025 15:59;250;1.51;1.51;1.54;-0.33;-17.93%;9,626;9,776;23.26%;FALSE;put;17/10/2025;12;0.968917138;0.026588302;
AAPL251017P00252500;10/03/2025 15:57;252.5;2.12;2.08;2.18;-0.44;-17.19%;2,045;2,734;22.90%;FALSE;put;17/10/2025;12;0.97860631;0.019106432;
AAPL251017P00255000;10/03/2025 15:59;255;2.9;2.82;2.94;-0.5;-14.71%;6,349;5,622;22.17%;FALSE;put;17/10/2025;12;0.988295481;0.011633868;
AAPL251017P00257500;10/03/2025 15:59;257.5;3.8;3.8;3.9;-0.69;-15.37%;4,641;1,815;21.41%;FALSE;put;17/10/2025;12;0.997984652;0.003738681;
AAPL251017P00260000;10/03/2025 15:58;260;5.13;5.05;5.15;-0.77;-13.05%;1,564;2,390;20.95%;TRUE;put;17/10/2025;12;1.007673824;-0.004568806;
AAPL251017P00262500;10/03/2025 15:41;262.5;6.5;6.5;6.65;-0.9;-12.16%;130;126;20.52%;TRUE;put;17/10/2025;12;1.017362995;-0.013145815;
AAPL251017P00265000;10/03/2025 15:03;265;8.55;8.3;8.4;-0.39;-4.36%;220;368;20.18%;TRUE;put;17/10/2025;12;1.027052166;-0.021904055;
AAPL251017P00267500;10/03/2025 15:30;267.5;10.55;10.25;10.4;0;0.00%;23;89;20.19%;TRUE;put;17/10/2025;12;1.036741338;-0.030324792;
AAPL251017P00270000;10/03/2025 14:23;270;12.73;12.15;12.65;-0.37;-2.82%;98;110;21.14%;TRUE;put;17/10/2025;12;1.046430509;-0.036885101;
AAPL251017P00275000;10/03/2025 11:38;275;16.56;16.6;17.6;-0.89;-5.10%;10;101;26.28%;TRUE;put;17/10/2025;12;1.065808852;-0.042054266;
AAPL251017P00280000;10/03/2025 09:59;280;22.55;21.4;22.55;0.55;2.50%;12;5;30.88%;TRUE;put;17/10/2025;12;1.085187195;-0.046115775;
AAPL251017P00285000;10/03/2025 10:55;285;27.05;26.6;27.5;-0.05;-0.18%;6;0;35.06%;TRUE;put;17/10/2025;12;1.104565538;-0.049536899;
AAPL251017P00290000;9/18/2025 10:11 AM;290;31.75;31.3;32.35;-20.7;-39.47%;3;0;36.96%;TRUE;put;17/10/2025;12;1.12394388;-0.055411934;
AAPL251017P00295000;09/10/2025 15:50;295;68.15;36.35;37.55;0;0.00%;2;0;44.95%;TRUE;put;17/10/2025;12;1.143322223;-0.052023946;
AAPL251017P00300000;10/01/2025 10:36;300;44.1;41.65;42.55;0;0.00%;3;0;49.27%;TRUE;put;17/10/2025;12;1.162700566;-0.053401429;
AAPL251017P00305000;09/10/2025 15:50;305;78.15;46.3;47.45;0;0.00%;1;0;51.47%;TRUE;put;17/10/2025;12;1.182078909;-0.056813431;
AAPL251017P00315000;9/19/2025 3:50 PM;315;69.7;56.35;57.65;0;0.00%;1;0;63.33%;TRUE;put;17/10/2025;12;1.220835594;-0.054769603;
AAPL251017P00320000;9/29/2025 3:50 PM;320;65.4;61.35;62.65;0;0.00%;1;0;67.24%;TRUE;put;17/10/2025;12;1.240213937;-0.055605136;
AAPL251017P00330000;8/15/2025 3:50 PM;330;98.75;74.2;75.1;0;0.00%;0;0;102.01%;TRUE;put;17/10/2025;12;1.278970622;-0.040402408;
AAPL251017P00335000;9/19/2025 2:25 PM;335;89.55;76.4;77.5;0;0.00%;5;0;74.80%;TRUE;put;17/10/2025;12;1.298348965;-0.060661673;
AAPL251017P00355000;04/11/2025 15:46;355;157.02;141.2;142.45;0;0.00%;0;0;377.74%;TRUE;put;17/10/2025;12;1.375862336;-0.003978359;
AAPL251017P00360000;04/11/2025 15:46;360;162.01;146.25;147.6;0;0.00%;0;0;383.64%;TRUE;put;17/10/2025;12;1.395240679;-0.0042292;
AAPL251017P00370000;7/18/2025 9:52 AM;370;159.95;114.25;115.25;0;0.00%;0;0;134.94%;TRUE;put;17/10/2025;12;1.433997365;-0.044192653;
AAPL251024C00110000;9/24/2025 10:15 AM;110;143.35;147.45;148.8;0;0.00%;1;3;144.14%;TRUE;call;24/10/2025;19;0.426323541;0.143919381;
AAPL251024C00120000;9/24/2025 10:15 AM;120;133.19;137.45;138.8;0;0.00%;0;1;130.47%;TRUE;call;24/10/2025;19;0.465080226;0.142074129;
AAPL251024C00140000;10/01/2025 11:02;140;116.1;117.55;119;0;0.00%;1;1;118.56%;TRUE;call;24/10/2025;19;0.542593597;0.125196295;
AAPL251024C00165000;9/30/2025 10:50 AM;165;90.95;93.1;94.05;0;0.00%;1;2;101.17%;TRUE;call;24/10/2025;19;0.639485311;0.10742039;
AAPL251024C00170000;9/19/2025 1:31 PM;170;76.03;87.85;88.95;0;0.00%;6;6;89.45%;TRUE;call;24/10/2025;19;0.658863654;0.112397298;
AAPL251024C00175000;9/23/2025 1:46 PM;175;83.45;82.8;84.15;3.25;4.05%;1;1;86.52%;TRUE;call;24/10/2025;19;0.678241997;0.108205723;
AAPL251024C00180000;9/22/2025 3:46 PM;180;76.77;78;79.05;0;0.00%;9;11;82.52%;TRUE;call;24/10/2025;19;0.69762034;0.105175426;
AAPL251024C00185000;9/29/2025 10:33 AM;185;69.8;73.2;74.2;0;0.00%;1;2;81.45%;TRUE;call;24/10/2025;19;0.716998682;0.098754353;
AAPL251024C00190000;10/03/2025 13:20;190;68.99;68;69.1;0.34;0.50%;1;17;72.46%;TRUE;call;24/10/2025;19;0.736377025;0.101475616;
AAPL251024C00195000;9/30/2025 3:00 PM;195;59.86;62.7;64.25;0;0.00%;6;8;65.38%;TRUE;call;24/10/2025;19;0.755755368;0.102513382;
AAPL251024C00200000;10/03/2025 15:47;200;58.16;58.3;59.2;-0.46;-0.78%;6;71;66.06%;TRUE;call;24/10/2025;19;0.775133711;0.09279448;
AAPL251024C00205000;10/02/2025 13:42;205;53.43;53.15;54.2;0;0.00%;2;17;59.42%;TRUE;call;24/10/2025;19;0.794512053;0.092850062;
AAPL251024C00210000;10/01/2025 11:28;210;46.12;47.9;49.15;0;0.00%;1;46;51.51%;TRUE;call;24/10/2025;19;0.813890396;0.095423085;
AAPL251024C00215000;10/03/2025 11:35;215;44.48;42.9;44.25;2.26;5.35%;43;79;56.91%;TRUE;call;24/10/2025;19;0.833268739;0.077546439;
AAPL251024C00220000;10/02/2025 10:36;220;39.14;38.2;39.35;1.87;5.02%;1;573;52.39%;TRUE;call;24/10/2025;19;0.852647082;0.073665129;
AAPL251024C00225000;10/03/2025 15:03;225;34.05;33.5;34.4;0.76;2.28%;16;527;47.24%;TRUE;call;24/10/2025;19;0.872025424;0.070197292;
AAPL251024C00230000;10/03/2025 13:09;230;28.84;28.7;29.3;0.39;1.37%;79;1,326;40.65%;TRUE;call;24/10/2025;19;0.891403767;0.068395244;
AAPL251024C00235000;10/03/2025 14:54;235;23.75;23.9;24.3;0.07;0.30%;120;1,848;35.02%;TRUE;call;24/10/2025;19;0.91078211;0.064657226;
AAPL251024C00240000;10/03/2025 15:44;240;19.25;19.35;19.55;0.25;1.32%;292;2,581;31.13%;TRUE;call;24/10/2025;19;0.930160453;0.056815881;
AAPL251024C00245000;10/03/2025 15:49;245;14.97;14.9;15.1;0.29;1.98%;286;2,935;28.37%;TRUE;call;24/10/2025;19;0.949538795;0.045417618;
AAPL251024C00250000;10/03/2025 15:49;250;10.65;10.85;11;0.1;0.95%;3,125;10,399;26.05%;TRUE;call;24/10/2025;19;0.968917138;0.031480955;
AAPL251024C00255000;10/03/2025 15:58;255;7.35;7.35;7.45;0.17;2.37%;1,276;4,985;24.28%;TRUE;call;24/10/2025;19;0.988295481;0.01495049;
AAPL251024C00260000;10/03/2025 15:59;260;4.65;4.55;4.7;-0.05;-1.06%;3,190;15,507;23.30%;FALSE;call;24/10/2025;19;1.007673824;-0.003553063;
AAPL251024C00265000;10/03/2025 15:59;265;2.62;2.62;2.67;-0.13;-4.73%;3,268;5,057;22.38%;FALSE;call;24/10/2025;19;1.027052166;-0.023228636;
AAPL251024C00270000;10/03/2025 15:59;270;1.4;1.39;1.42;-0.06;-4.11%;2,149;8,538;22.05%;FALSE;call;24/10/2025;19;1.046430509;-0.042955945;
AAPL251024C00275000;10/03/2025 15:59;275;0.73;0.71;0.74;-0.08;-9.88%;3,457;3,354;22.24%;FALSE;call;24/10/2025;19;1.065808852;-0.061389638;
AAPL251024C00280000;10/03/2025 15:57;280;0.39;0.38;0.4;-0.08;-17.02%;1,020;1,453;22.93%;FALSE;call;24/10/2025;19;1.085187195;-0.077389457;
AAPL251024C00285000;10/03/2025 15:56;285;0.21;0.21;0.22;-0.06;-22.22%;1,743;4,490;23.73%;FALSE;call;24/10/2025;19;1.104565538;-0.091703929;
AAPL251024C00290000;10/03/2025 15:42;290;0.13;0.11;0.13;-0.03;-18.75%;339;4,446;24.81%;FALSE;call;24/10/2025;19;1.12394388;-0.103579639;
AAPL251024C00295000;10/03/2025 15:58;295;0.07;0.06;0.08;-0.03;-30.00%;59;374;25.88%;FALSE;call;24/10/2025;19;1.143322223;-0.114242566;
AAPL251024C00300000;10/03/2025 15:58;300;0.05;0.04;0.05;-0.01;-16.67%;250;1,531;26.95%;FALSE;call;24/10/2025;19;1.162700566;-0.123810548;
AAPL251024C00305000;10/03/2025 11:13;305;0.04;0.03;0.04;0;0.00%;2;147;28.71%;FALSE;call;24/10/2025;19;1.182078909;-0.129153469;
AAPL251024C00310000;10/03/2025 12:21;310;0.03;0.01;0.03;0.01;50.00%;2;29;30.27%;FALSE;call;24/10/2025;19;1.201457251;-0.134572811;
AAPL251024C00315000;10/03/2025 09:56;315;0.02;0;0.02;0;0.00%;3;109;31.25%;FALSE;call;24/10/2025;19;1.220835594;-0.141919598;
AAPL251024C00320000;10/01/2025 15:38;320;0.02;0;0.02;0;0.00%;1;72;33.40%;FALSE;call;24/10/2025;19;1.240213937;-0.143294572;
AAPL251024C00325000;10/02/2025 10:50;325;0.01;0;0.01;0;0.00%;1;48;33.59%;FALSE;call;24/10/2025;19;1.25959228;-0.152992237;
AAPL251024P00110000;10/03/2025 14:06;110;0.01;0;0.24;-0.03;-75.00%;3;50;146.48%;FALSE;put;24/10/2025;19;0.426323541;0.141895995;
AAPL251024P00130000;10/02/2025 15:51;130;0.01;0;0.02;0;0.00%;1;3;93.75%;FALSE;put;24/10/2025;19;0.503836912;0.17302656;
AAPL251024P00135000;10/02/2025 12:19;135;0.02;0;0.02;0;0.00%;100;103;89.06%;FALSE;put;24/10/2025;19;0.523215255;0.17189829;
AAPL251024P00140000;10/03/2025 12:37;140;0.01;0.01;0.02;-0.01;-50.00%;1;225;87.50%;FALSE;put;24/10/2025;19;0.542593597;0.165293319;
AAPL251024P00145000;9/26/2025 11:53 AM;145;0.02;0;0.03;0;0.00%;1;46;82.81%;FALSE;put;24/10/2025;19;0.56197194;0.164413799;
AAPL251024P00150000;10/02/2025 10:28;150;0.01;0.01;0.03;0;0.00%;75;73;79.69%;FALSE;put;24/10/2025;19;0.581350283;0.160766989;
AAPL251024P00155000;9/23/2025 2:13 PM;155;0.05;0.01;0.04;0;0.00%;3;6;76.95%;FALSE;put;24/10/2025;19;0.600728626;0.15643823;
AAPL251024P00160000;9/30/2025 1:25 PM;160;0.03;0.01;0.04;0.01;50.00%;4;26;72.66%;FALSE;put;24/10/2025;19;0.620106968;0.155180924;
AAPL251024P00165000;9/29/2025 10:25 AM;165;0.05;0.01;0.05;0;0.00%;1;16;69.53%;FALSE;put;24/10/2025;19;0.639485311;0.151689185;
AAPL251024P00170000;10/03/2025 09:49;170;0.04;0.02;0.05;0;0.00%;1;55;66.02%;FALSE;put;24/10/2025;19;0.658863654;0.149009198;
AAPL251024P00175000;10/03/2025 13:45;175;0.05;0.03;0.06;0;0.00%;50;34;63.67%;FALSE;put;24/10/2025;19;0.678241997;0.143837415;
AAPL251024P00180000;10/02/2025 11:51;180;0.05;0.03;0.06;0;0.00%;1;35;59.38%;FALSE;put;24/10/2025;19;0.69762034;0.142877201;
AAPL251024P00185000;10/03/2025 10:54;185;0.05;0.04;0.07;-0.02;-28.57%;20;556;56.45%;FALSE;put;24/10/2025;19;0.716998682;0.138862295;
AAPL251024P00190000;10/03/2025 12:59;190;0.06;0.06;0.08;-0.02;-25.00%;1;65;53.91%;FALSE;put;24/10/2025;19;0.736377025;0.133809785;
AAPL251024P00195000;10/03/2025 09:52;195;0.07;0.05;0.08;-0.01;-12.50%;4;178;50.59%;FALSE;put;24/10/2025;19;0.755755368;0.130469301;
AAPL251024P00200000;10/03/2025 15:31;200;0.09;0.08;0.1;-0.01;-10.00%;11;2,589;47.85%;FALSE;put;24/10/2025;19;0.775133711;0.125533762;
AAPL251024P00205000;10/03/2025 13:19;205;0.1;0.09;0.11;-0.01;-9.09%;28;2,448;44.24%;FALSE;put;24/10/2025;19;0.794512053;0.12259667;
AAPL251024P00210000;10/03/2025 15:32;210;0.12;0.11;0.13;-0.01;-7.69%;212;654;41.11%;FALSE;put;24/10/2025;19;0.813890396;0.118171217;
AAPL251024P00215000;10/03/2025 12:38;215;0.15;0.13;0.16;0;0.00%;34;609;38.18%;FALSE;put;24/10/2025;19;0.833268739;0.112817375;
AAPL251024P00220000;10/03/2025 15:35;220;0.19;0.18;0.2;-0.02;-9.52%;195;3,354;35.25%;FALSE;put;24/10/2025;19;0.852647082;0.106952592;
AAPL251024P00225000;10/03/2025 15:33;225;0.25;0.23;0.26;-0.02;-7.41%;96;956;32.47%;FALSE;put;24/10/2025;19;0.872025424;0.099974626;
AAPL251024P00230000;10/03/2025 15:59;230;0.35;0.33;0.36;-0.04;-10.26%;954;2,786;29.93%;FALSE;put;24/10/2025;19;0.891403767;0.09139032;
AAPL251024P00235000;10/03/2025 15:58;235;0.52;0.5;0.53;-0.09;-14.75%;476;2,622;27.66%;FALSE;put;24/10/2025;19;0.91078211;0.080870723;
AAPL251024P00240000;10/03/2025 15:56;240;0.83;0.8;0.84;-0.14;-14.43%;488;1,740;25.76%;FALSE;put;24/10/2025;19;0.930160453;0.067955169;
AAPL251024P00245000;10/03/2025 15:59;245;1.37;1.35;1.39;-0.23;-14.38%;1,852;2,872;24.18%;FALSE;put;24/10/2025;19;0.949538795;0.052746684;
AAPL251024P00250000;10/03/2025 15:59;250;2.32;2.27;2.33;-0.24;-9.38%;901;1,815;22.86%;FALSE;put;24/10/2025;19;0.968917138;0.035468478;
AAPL251024P00255000;10/03/2025 15:59;255;3.8;3.75;3.85;-0.5;-11.63%;1,540;2,552;21.80%;FALSE;put;24/10/2025;19;0.988295481;0.016339909;
AAPL251024P00260000;10/03/2025 15:58;260;6.07;5.95;6.05;-0.63;-9.40%;888;430;20.67%;TRUE;put;24/10/2025;19;1.007673824;-0.004337349;
AAPL251024P00265000;10/03/2025 15:54;265;9.2;9;9.15;-0.7;-7.07%;33;42;20.02%;TRUE;put;24/10/2025;19;1.027052166;-0.026263547;
AAPL251024P00270000;10/03/2025 13:27;270;12.75;12.65;13.05;-0.71;-5.27%;30;226;19.87%;TRUE;put;24/10/2025;19;1.046430509;-0.047941651;
AAPL251024P00275000;10/02/2025 14:23;275;17.74;17.05;17.6;0;0.00%;3;104;21.19%;TRUE;put;24/10/2025;19;1.065808852;-0.064559248;
AAPL251024P00280000;10/03/2025 13:20;280;21.55;21.65;22.4;-0.75;-3.36%;6;6;23.19%;TRUE;put;24/10/2025;19;1.085187195;-0.076491119;
AAPL251024P00290000;09/09/2025 13:12;290;51.75;31.4;32.6;0;0.00%;0;0;33.25%;TRUE;put;24/10/2025;19;1.12394388;-0.076413168;
AAPL251024P00295000;10/01/2025 09:59;295;38.47;36.4;37.4;0;0.00%;1;0;34.06%;TRUE;put;24/10/2025;19;1.143322223;-0.085951526;
AAPL251024P00300000;9/25/2025 3:49 PM;300;44.2;41.4;42.55;0;0.00%;0;0;39.72%;TRUE;put;24/10/2025;19;1.162700566;-0.082733552;
AAPL251024P00325000;09/10/2025 12:39;325;97.87;66.45;67.35;0;0.00%;0;0;51.51%;TRUE;put;24/10/2025;19;1.25959228;-0.098010167;
AAPL251031C00140000;10/01/2025 11:04;140;116.35;118.05;119.05;0;0.00%;1;3;113.82%;TRUE;call;31/10/2025;26;0.542593597;0.155018604;
AAPL251031C00155000;9/29/2025 1:39 PM;155;99.15;102.7;104.25;0;0.00%;1;1;94.48%;TRUE;call;31/10/2025;26;0.600728626;0.153945193;
AAPL251031C00170000;9/29/2025 11:11 AM;170;84.96;87.95;89.1;0;0.00%;1;7;80.66%;TRUE;call;31/10/2025;26;0.658863654;0.146903879;
AAPL251031C00180000;10/03/2025 10:13;180;79.38;78.15;79.4;2.33;3.02%;9;12;76.42%;TRUE;call;31/10/2025;26;0.69762034;0.134263794;
AAPL251031C00185000;9/26/2025 10:05 AM;185;72.14;73.05;74.15;0;0.00%;2;4;68.04%;TRUE;call;31/10/2025;26;0.716998682;0.138361162;
AAPL251031C00190000;10/02/2025 10:01;190;66.78;67.95;69.15;0;0.00%;1;6;62.35%;TRUE;call;31/10/2025;26;0.736377025;0.138441135;
AAPL251031C00195000;10/03/2025 13:45;195;63.33;62.9;64.55;2;3.26%;3;146;61.08%;TRUE;call;31/10/2025;26;0.755755368;0.129725603;
AAPL251031C00200000;10/01/2025 11:51;200;56.92;58;59.25;0;0.00%;2;82;54.79%;TRUE;call;31/10/2025;26;0.775133711;0.13102094;
AAPL251031C00205000;9/29/2025 9:58 AM;205;54.51;53.45;54.45;3.96;7.83%;1;5;55.08%;TRUE;call;31/10/2025;26;0.794512053;0.118421306;
AAPL251031C00210000;10/03/2025 10:44;210;49.05;48.35;49.5;0.55;1.13%;11;58;50.10%;TRUE;call;31/10/2025;26;0.813890396;0.116361359;
AAPL251031C00215000;10/03/2025 11:22;215;44.5;43.35;44.7;0.84;1.92%;1;79;53.16%;TRUE;call;31/10/2025;26;0.833268739;0.098415008;
AAPL251031C00220000;10/03/2025 12:14;220;39.5;38.9;39.65;0.5;1.28%;2;82;47.67%;TRUE;call;31/10/2025;26;0.852647082;0.095773961;
AAPL251031C00225000;10/03/2025 14:18;225;34.15;34;34.7;0.21;0.62%;20;2,156;43.02%;TRUE;call;31/10/2025;26;0.872025424;0.091252263;
AAPL251031C00230000;10/03/2025 15:40;230;29.61;29.4;29.95;0.19;0.65%;46;843;39.67%;TRUE;call;31/10/2025;26;0.891403767;0.083507472;
AAPL251031C00235000;10/03/2025 15:21;235;24.97;24.95;25.2;0.14;0.56%;51;907;35.95%;TRUE;call;31/10/2025;26;0.91078211;0.075438627;
AAPL251031C00240000;10/03/2025 15:46;240;20.8;20.6;20.85;0.4;1.96%;227;1,948;33.90%;TRUE;call;31/10/2025;26;0.930160453;0.06302402;
AAPL251031C00245000;10/03/2025 15:42;245;16.75;16.5;16.85;0.65;4.04%;245;1,164;32.48%;TRUE;call;31/10/2025;26;0.949538795;0.048560656;
AAPL251031C00250000;10/03/2025 15:54;250;12.6;12.85;13;-0.05;-0.40%;508;5,362;30.44%;TRUE;call;31/10/2025;26;0.968917138;0.033701158;
AAPL251031C00255000;10/03/2025 15:54;255;9.48;9.6;9.75;0.13;1.39%;1,264;3,443;29.29%;TRUE;call;31/10/2025;26;0.988295481;0.016757545;
AAPL251031C00260000;10/03/2025 15:59;260;6.95;6.9;7;0.15;2.21%;1,614;5,537;28.30%;FALSE;call;31/10/2025;26;1.007673824;-0.001160149;
AAPL251031C00265000;10/03/2025 15:57;265;4.74;4.7;4.85;-0.01;-0.21%;1,125;3,570;27.67%;FALSE;call;31/10/2025;26;1.027052166;-0.019680241;
AAPL251031C00270000;10/03/2025 15:59;270;3.1;3.1;3.2;-0.1;-3.13%;1,987;6,684;27.11%;FALSE;call;31/10/2025;26;1.046430509;-0.038595832;
AAPL251031C00275000;10/03/2025 15:57;275;2;1.96;2;-0.02;-0.99%;840;2,340;26.58%;FALSE;call;31/10/2025;26;1.065808852;-0.057891192;
AAPL251031C00280000;10/03/2025 15:53;280;1.25;1.21;1.27;-0.02;-1.57%;1,408;4,882;26.69%;FALSE;call;31/10/2025;26;1.085187195;-0.075649223;
AAPL251031C00285000;10/03/2025 15:57;285;0.76;0.75;0.78;-0.04;-5.00%;92;588;26.77%;FALSE;call;31/10/2025;26;1.104565538;-0.093053659;
AAPL251031C00290000;10/03/2025 15:35;290;0.48;0.46;0.5;-0.03;-5.88%;191;693;27.27%;FALSE;call;31/10/2025;26;1.12394388;-0.108274271;
AAPL251031C00295000;10/03/2025 15:06;295;0.32;0.28;0.32;-0.03;-8.57%;221;1,396;27.81%;FALSE;call;31/10/2025;26;1.143322223;-0.122475347;
AAPL251031C00300000;10/03/2025 15:36;300;0.19;0.17;0.21;-0.03;-13.64%;334;2,209;28.47%;FALSE;call;31/10/2025;26;1.162700566;-0.135267613;
AAPL251031C00305000;10/03/2025 13:22;305;0.14;0.1;0.14;0;0.00%;22;793;29.15%;FALSE;call;31/10/2025;26;1.182078909;-0.147118045;
AAPL251031C00310000;10/02/2025 15:42;310;0.1;0.06;0.09;0.02;25.00%;1;377;29.69%;FALSE;call;31/10/2025;26;1.201457251;-0.158957349;
AAPL251031C00315000;10/03/2025 15:08;315;0.04;0.03;0.06;-0.03;-42.86%;22;97;30.27%;FALSE;call;31/10/2025;26;1.220835594;-0.169909737;
AAPL251031C00320000;10/03/2025 12:38;320;0.06;0.03;0.06;0.01;20.00%;134;1,153;32.42%;FALSE;call;31/10/2025;26;1.240213937;-0.171211267;
AAPL251031C00325000;10/03/2025 09:58;325;0.04;0.01;0.03;0.01;33.33%;1;274;31.84%;FALSE;call;31/10/2025;26;1.25959228;-0.187437025;
AAPL251031P00110000;9/30/2025 12:21 PM;110;0.03;0;0.35;0;0.00%;10;13;132.03%;FALSE;put;31/10/2025;26;0.426323541;0.18561124;
AAPL251031P00120000;9/15/2025 3:38 PM;120;0.05;0;0.24;0;0.00%;0;1;114.06%;FALSE;put;31/10/2025;26;0.465080226;0.1908082;
AAPL251031P00130000;9/29/2025 12:17 PM;130;0.05;0;0.32;0;0.00%;1;13;106.64%;FALSE;put;31/10/2025;26;0.503836912;0.182592124;
AAPL251031P00135000;9/24/2025 3:10 PM;135;0.02;0;0.31;0;0.00%;4;2;100.78%;FALSE;put;31/10/2025;26;0.523215255;0.182067987;
AAPL251031P00140000;10/02/2025 12:35;140;0.04;0;0.29;0;0.00%;2;22;94.92%;FALSE;put;31/10/2025;26;0.542593597;0.181933878;
AAPL251031P00145000;10/03/2025 10:46;145;0.04;0;0.06;-0.01;-20.00%;2;17;75.78%;FALSE;put;31/10/2025;26;0.56197194;0.211427638;
AAPL251031P00150000;10/02/2025 15:59;150;0.06;0.01;0.06;0;0.00%;74;45;72.66%;FALSE;put;31/10/2025;26;0.581350283;0.207447703;
AAPL251031P00155000;10/03/2025 15:47;155;0.06;0.02;0.07;0;0.00%;188;35;70.31%;FALSE;put;31/10/2025;26;0.600728626;0.201480221;
AAPL251031P00160000;10/03/2025 15:27;160;0.07;0.03;0.07;0;0.00%;168;109;66.99%;FALSE;put;31/10/2025;26;0.620106968;0.198169719;
AAPL251031P00165000;10/03/2025 15:58;165;0.07;0.03;0.08;0.02;40.00%;71;6;63.67%;FALSE;put;31/10/2025;26;0.639485311;0.194956443;
AAPL251031P00170000;10/03/2025 13:51;170;0.08;0.04;0.09;0.02;33.33%;219;31;60.94%;FALSE;put;31/10/2025;26;0.658863654;0.190085055;
AAPL251031P00175000;9/29/2025 1:41 PM;175;0.09;0.06;0.09;0;0.00%;1;15;58.01%;FALSE;put;31/10/2025;26;0.678241997;0.185778217;
AAPL251031P00180000;10/03/2025 12:28;180;0.09;0.07;0.1;-0.01;-10.00%;16;61;54.88%;FALSE;put;31/10/2025;26;0.69762034;0.182061639;
AAPL251031P00185000;10/03/2025 15:05;185;0.1;0.09;0.12;-0.02;-16.67%;10;185;52.54%;FALSE;put;31/10/2025;26;0.716998682;0.175797294;
AAPL251031P00190000;10/03/2025 15:50;190;0.13;0.12;0.14;-0.01;-7.14%;13;102;50.20%;FALSE;put;31/10/2025;26;0.736377025;0.169358183;
AAPL251031P00195000;10/01/2025 13:00;195;0.15;0.13;0.16;0;0.00%;6;113;47.75%;FALSE;put;31/10/2025;26;0.755755368;0.163051357;
AAPL251031P00200000;10/03/2025 15:50;200;0.16;0.16;0.19;-0.01;-5.88%;11;489;45.02%;FALSE;put;31/10/2025;26;0.775133711;0.157394789;
AAPL251031P00205000;10/03/2025 14:41;205;0.21;0.19;0.22;0.01;5.00%;24;163;42.19%;FALSE;put;31/10/2025;26;0.794512053;0.151775882;
AAPL251031P00210000;10/03/2025 15:35;210;0.25;0.24;0.27;0;0.00%;9;590;39.65%;FALSE;put;31/10/2025;26;0.813890396;0.144779812;
AAPL251031P00215000;10/03/2025 15:36;215;0.32;0.31;0.34;-0.01;-3.03%;33;372;37.26%;FALSE;put;31/10/2025;26;0.833268739;0.136742808;
AAPL251031P00220000;10/03/2025 15:53;220;0.45;0.42;0.46;-0.01;-2.17%;85;1,045;35.30%;FALSE;put;31/10/2025;26;0.852647082;0.126570804;
AAPL251031P00225000;10/03/2025 15:47;225;0.6;0.58;0.62;0;0.00%;47;1,005;33.28%;FALSE;put;31/10/2025;26;0.872025424;0.1158354;
AAPL251031P00230000;10/03/2025 15:58;230;0.87;0.84;0.88;-0.07;-7.45%;417;2,162;31.62%;FALSE;put;31/10/2025;26;0.891403767;0.10304136;
AAPL251031P00235000;10/03/2025 15:31;235;1.27;1.24;1.29;-0.08;-5.93%;326;962;30.23%;FALSE;put;31/10/2025;26;0.91078211;0.088522002;
AAPL251031P00240000;10/03/2025 15:52;240;1.91;1.83;1.9;-0.16;-7.73%;421;2,494;28.97%;FALSE;put;31/10/2025;26;0.930160453;0.072731804;
AAPL251031P00245000;10/03/2025 15:59;245;2.78;2.74;2.82;-0.24;-7.95%;350;1,035;27.96%;FALSE;put;31/10/2025;26;0.949538795;0.055481882;
AAPL251031P00250000;10/03/2025 15:58;250;4.1;4;4.15;-0.31;-7.03%;480;1,268;27.17%;FALSE;put;31/10/2025;26;0.968917138;0.037097964;
AAPL251031P00255000;10/03/2025 15:59;255;5.8;5.75;5.9;-0.41;-6.60%;1,232;1,482;26.28%;FALSE;put;31/10/2025;26;0.988295481;0.018071788;
AAPL251031P00260000;10/03/2025 15:49;260;8.48;8;8.15;-0.12;-1.40%;654;496;25.33%;TRUE;put;31/10/2025;26;1.007673824;-0.001893923;
AAPL251031P00265000;10/03/2025 15:49;265;10.94;10.85;11;-0.33;-2.93%;18;269;24.54%;TRUE;put;31/10/2025;26;1.027052166;-0.022823305;
AAPL251031P00270000;10/03/2025 15:16;270;14.24;14.1;14.45;-0.61;-4.11%;216;201;23.96%;TRUE;put;31/10/2025;26;1.046430509;-0.044308013;
AAPL251031P00275000;10/02/2025 13:04;275;18.75;17.95;18.5;0;0.00%;21;44;24.04%;TRUE;put;31/10/2025;26;1.065808852;-0.064515968;
AAPL251031P00280000;10/03/2025 12:50;280;22.02;22.35;22.7;-3.03;-12.10%;7;4;22.73%;TRUE;put;31/10/2025;26;1.085187195;-0.089646624;
AAPL251031P00285000;10/03/2025 15:33;285;27.15;26.65;27.6;-0.35;-1.27%;2;5;25.34%;TRUE;put;31/10/2025;26;1.104565538;-0.098584242;
AAPL251031P00290000;9/30/2025 1:11 PM;290;36.13;31.35;32.6;0;0.00%;1;0;28.61%;TRUE;put;31/10/2025;26;1.12394388;-0.10295444;
AAPL251031P00295000;9/22/2025 10:06 AM;295;43.47;36.45;37.55;0;0.00%;0;0;31.20%;TRUE;put;31/10/2025;26;1.143322223;-0.108558872;
AAPL251031P00300000;10/02/2025 11:18;300;43.56;41.6;42.55;0;0.00%;5;0;34.20%;TRUE;put;31/10/2025;26;1.162700566;-0.111606904;
AAPL251031P00310000;9/25/2025 9:30 AM;310;56.26;51.4;52.5;0;0.00%;0;0;39.19%;TRUE;put;31/10/2025;26;1.201457251;-0.118838468;
AAPL251031P00315000;9/30/2025 1:11 PM;315;61.11;56.6;57.4;0;0.00%;1;0;40.28%;TRUE;put;31/10/2025;26;1.220835594;-0.126019834;
AAPL251107C00120000;9/26/2025 3:26 PM;120;136.28;137.95;139.45;0;0.00%;1;1;129.20%;TRUE;call;07/11/2025;33;0.465080226;0.196775996;
AAPL251107C00200000;9/26/2025 3:19 PM;200;57;58.1;60.4;0;0.00%;7;5;56.74%;TRUE;call;07/11/2025;33;0.775133711;0.145090197;
AAPL251107C00215000;10/03/2025 15:30;215;44.3;44.05;45.55;0.7;1.61%;15;12;53.38%;TRUE;call;07/11/2025;33;0.833268739;0.112543814;
AAPL251107C00220000;10/03/2025 09:59;220;39.57;39.25;40;0.62;1.59%;1;44;44.95%;TRUE;call;07/11/2025;33;0.852647082;0.115765363;
AAPL251107C00225000;10/03/2025 15:13;225;34.67;34.45;35.1;0.29;0.84%;18;29;40.93%;TRUE;call;07/11/2025;33;0.872025424;0.109479806;
AAPL251107C00230000;10/03/2025 12:06;230;30.4;29.85;30.4;1.28;4.40%;27;25;37.93%;TRUE;call;07/11/2025;33;0.891403767;0.09986789;
AAPL251107C00235000;10/03/2025 12:30;235;26.13;25.4;25.8;0.48;1.87%;59;237;35.07%;TRUE;call;07/11/2025;33;0.91078211;0.08876428;
AAPL251107C00240000;10/03/2025 15:06;240;21.47;21.15;21.55;0.32;1.51%;100;398;33.26%;TRUE;call;07/11/2025;33;0.930160453;0.074056643;
AAPL251107C00245000;10/03/2025 15:49;245;17.4;17.2;17.5;0.16;0.93%;365;692;31.43%;TRUE;call;07/11/2025;33;0.949538795;0.058131048;
AAPL251107C00250000;10/03/2025 15:56;250;13.46;13.6;13.8;-0.59;-4.20%;129;339;29.89%;TRUE;call;07/11/2025;33;0.968917138;0.040373936;
AAPL251107C00255000;10/03/2025 15:54;255;10.3;10.4;10.6;-0.02;-0.19%;291;934;28.85%;TRUE;call;07/11/2025;33;0.988295481;0.020903253;
AAPL251107C00260000;10/03/2025 15:59;260;7.65;7.65;7.85;0;0.00%;2,295;1,398;27.92%;FALSE;call;07/11/2025;33;1.007673824;0.000430933;
AAPL251107C00265000;10/03/2025 15:57;265;5.43;5.45;5.6;-0.09;-1.63%;410;492;27.16%;FALSE;call;07/11/2025;33;1.027052166;-0.020853691;
AAPL251107C00270000;10/03/2025 15:57;270;3.8;3.75;3.85;-0.05;-1.30%;278;7,290;26.56%;FALSE;call;07/11/2025;33;1.046430509;-0.042650173;
AAPL251107C00275000;10/03/2025 15:49;275;2.55;2.5;2.58;-0.07;-2.67%;292;379;26.23%;FALSE;call;07/11/2025;33;1.065808852;-0.064310502;
AAPL251107C00280000;10/03/2025 15:58;280;1.63;1.62;1.7;-0.12;-6.86%;4,422;627;26.12%;FALSE;call;07/11/2025;33;1.085187195;-0.08535276;
AAPL251107C00285000;10/03/2025 15:31;285;1.09;1.04;1.11;-0.09;-7.63%;139;264;26.20%;FALSE;call;07/11/2025;33;1.104565538;-0.10538257;
AAPL251107C00290000;10/03/2025 14:55;290;0.7;0.66;0.72;-0.05;-6.67%;1,718;1,094;26.37%;FALSE;call;07/11/2025;33;1.12394388;-0.124487356;
AAPL251107C00295000;10/03/2025 15:49;295;0.45;0.43;0.48;-0.08;-15.09%;84;119;26.81%;FALSE;call;07/11/2025;33;1.143322223;-0.141497068;
AAPL251107C00300000;10/03/2025 14:32;300;0.3;0.27;0.32;-0.05;-14.29%;165;224;27.25%;FALSE;call;07/11/2025;33;1.162700566;-0.157638546;
AAPL251107C00305000;10/03/2025 13:05;305;0.2;0.18;0.22;-0.03;-13.04%;32;249;27.83%;FALSE;call;07/11/2025;33;1.182078909;-0.172055457;
AAPL251107C00320000;10/03/2025 11:23;320;0.09;0.04;0.09;0;0.00%;65;65;30.32%;FALSE;call;07/11/2025;33;1.240213937;-0.204886208;
AAPL251107C00325000;10/03/2025 12:39;325;0.05;0.02;0.05;-0.02;-28.57%;6;23;30.08%;FALSE;call;07/11/2025;33;1.25959228;-0.222084089;
AAPL251107P00180000;10/03/2025 11:08;180;0.1;0.09;0.15;-0.02;-16.67%;6;40;51.17%;FALSE;put;07/11/2025;33;0.69762034;0.221197275;
AAPL251107P00185000;10/03/2025 15:38;185;0.12;0.1;0.17;-0.01;-7.69%;24;49;49.90%;FALSE;put;07/11/2025;33;0.716998682;0.209967624;
AAPL251107P00190000;10/03/2025 11:07;190;0.15;0.14;0.2;-0.05;-25.00%;5;25;47.46%;FALSE;put;07/11/2025;33;0.736377025;0.203186437;
AAPL251107P00195000;10/03/2025 15:35;195;0.21;0.17;0.23;0.02;10.53%;141;17;44.82%;FALSE;put;07/11/2025;33;0.755755368;0.196989691;
AAPL251107P00200000;10/03/2025 13:04;200;0.21;0.2;0.27;-0.04;-16.00%;16;874;42.38%;FALSE;put;07/11/2025;33;0.775133711;0.189686116;
AAPL251107P00205000;10/03/2025 15:53;205;0.29;0.27;0.33;0;0.00%;11;32;40.14%;FALSE;put;07/11/2025;33;0.794512053;0.181148795;
AAPL251107P00210000;10/03/2025 15:08;210;0.37;0.35;0.4;0;0.00%;44;50;37.84%;FALSE;put;07/11/2025;33;0.813890396;0.172366987;
AAPL251107P00215000;10/03/2025 14:26;215;0.47;0.45;0.5;-0.03;-6.00%;32;92;35.72%;FALSE;put;07/11/2025;33;0.833268739;0.162196372;
AAPL251107P00220000;10/03/2025 14:14;220;0.64;0.61;0.64;-0.01;-1.54%;197;595;33.70%;FALSE;put;07/11/2025;33;0.852647082;0.150841133;
AAPL251107P00225000;10/03/2025 15:05;225;0.81;0.81;0.86;-0.08;-8.99%;27;690;32.02%;FALSE;put;07/11/2025;33;0.872025424;0.137183907;
AAPL251107P00230000;10/03/2025 15:11;230;1.18;1.13;1.19;-0.1;-7.81%;97;600;30.55%;FALSE;put;07/11/2025;33;0.891403767;0.121743722;
AAPL251107P00235000;10/03/2025 15:25;235;1.68;1.59;1.67;-0.01;-0.59%;85;246;29.24%;FALSE;put;07/11/2025;33;0.91078211;0.104718998;
AAPL251107P00240000;10/03/2025 15:57;240;2.41;2.28;2.38;-0.06;-2.43%;446;633;28.15%;FALSE;put;07/11/2025;33;0.930160453;0.085984243;
AAPL251107P00245000;10/03/2025 15:19;245;3.31;3.25;3.4;-0.34;-9.32%;187;469;27.26%;FALSE;put;07/11/2025;33;0.949538795;0.065802786;
AAPL251107P00250000;10/03/2025 15:58;250;4.71;4.6;4.75;-0.29;-5.80%;177;206;26.33%;FALSE;put;07/11/2025;33;0.968917138;0.044799352;
AAPL251107P00255000;10/03/2025 15:38;255;6.53;6.35;6.55;-0.3;-4.39%;399;127;25.53%;FALSE;put;07/11/2025;33;0.988295481;0.022660241;
AAPL251107P00260000;10/03/2025 15:49;260;8.79;8.65;8.8;-0.34;-3.72%;337;81;24.65%;TRUE;put;07/11/2025;33;1.007673824;-0.000459817;
AAPL251107P00265000;10/03/2025 15:46;265;11.45;11.4;11.65;-0.26;-2.22%;49;73;24.07%;TRUE;put;07/11/2025;33;1.027052166;-0.024424622;
AAPL251121C00100000;10/01/2025 13:02;100;157.83;157.5;159.05;-0.22;-0.14%;1;31;114.55%;TRUE;call;21/11/2025;47;0.387566855;0.325410026;
AAPL251121C00105000;9/16/2025 9:50 AM;105;134.9;153.1;153.95;0;0.00%;2;4;120.17%;TRUE;call;21/11/2025;47;0.406945198;0.298158605;
AAPL251121C00110000;7/31/2025 10:57 AM;110;100.22;145.05;146.8;0;0.00%;10;1;0.00%;TRUE;call;21/11/2025;47;0.426323541;30824.29689;
AAPL251121C00115000;09/05/2025 15:13;115;125.6;142.55;143.95;0;0.00%;3;10;97.46%;TRUE;call;21/11/2025;47;0.445701884;0.32242335;
AAPL251121C00120000;9/19/2025 12:30 PM;120;124.87;137.7;139.3;0;0.00%;1;3;102.93%;TRUE;call;21/11/2025;47;0.465080226;0.292912093;
AAPL251121C00125000;9/22/2025 9:49 AM;125;126.1;132.55;134.05;0;0.00%;15;40;90.53%;TRUE;call;21/11/2025;47;0.484458569;0.310729325;
AAPL251121C00130000;09/03/2025 10:57;130;108.05;127.65;129.35;0;0.00%;13;60;93.12%;TRUE;call;21/11/2025;47;0.503836912;0.288153358;
AAPL251121C00135000;09/02/2025 11:57;135;93.66;122.8;124.5;0;0.00%;8;4;92.43%;TRUE;call;21/11/2025;47;0.523215255;0.275332628;
AAPL251121C00140000;10/03/2025 12:25;140;119.2;117.75;119.4;2.65;2.27%;4;62;85.99%;TRUE;call;21/11/2025;47;0.542593597;0.277689304;
AAPL251121C00145000;10/02/2025 13:30;145;113.18;112.8;114.25;0;0.00%;10;151;80.32%;TRUE;call;21/11/2025;47;0.56197194;0.278902104;
AAPL251121C00150000;10/02/2025 13:18;150;108.4;108.15;109.75;0;0.00%;1;631;84.64%;TRUE;call;21/11/2025;47;0.581350283;0.252239597;
AAPL251121C00155000;10/03/2025 14:35;155;103.84;103.05;104.2;3.79;3.79%;2;103;74.27%;TRUE;call;21/11/2025;47;0.600728626;0.266489624;
AAPL251121C00160000;9/26/2025 1:19 PM;160;97.87;97.85;99.2;0.27;0.28%;1;77;68.12%;TRUE;call;21/11/2025;47;0.620106968;0.270854165;
AAPL251121C00165000;10/02/2025 11:50;165;92.83;93.2;94.55;0;0.00%;1;571;70.53%;TRUE;call;21/11/2025;47;0.639485311;0.247038079;
AAPL251121C00170000;10/03/2025 11:41;170;89.4;88.5;89.3;2.3;2.64%;2;69;66.87%;TRUE;call;21/11/2025;47;0.658863654;0.242801955;
AAPL251121C00175000;10/02/2025 12:41;175;84.01;83.1;84.45;0.81;0.97%;2;338;61.08%;TRUE;call;21/11/2025;47;0.678241997;0.245985764;
AAPL251121C00180000;10/03/2025 11:39;180;80.1;78.6;79.85;2.45;3.16%;6;284;62.99%;TRUE;call;21/11/2025;47;0.69762034;0.223348081;
AAPL251121C00185000;10/03/2025 11:14;185;74.4;73.5;74.8;1.4;1.92%;4;527;58.19%;TRUE;call;21/11/2025;47;0.716998682;0.222566094;
AAPL251121C00190000;10/02/2025 15:58;190;68.62;68.45;69.65;0;0.00%;9;505;53.27%;TRUE;call;21/11/2025;47;0.736377025;0.222779348;
AAPL251121C00195000;10/02/2025 14:35;195;64.43;63.9;65.05;0;0.00%;3;550;53.56%;TRUE;call;21/11/2025;47;0.755755368;0.204304037;
AAPL251121C00200000;10/03/2025 15:10;200;59.2;59.25;59.55;0.72;1.23%;12;1,851;50.31%;TRUE;call;21/11/2025;47;0.775133711;0.197893645;
AAPL251121C00205000;10/02/2025 10:40;205;54.37;54.35;54.65;1.19;2.24%;4;1,445;47.21%;TRUE;call;21/11/2025;47;0.794512053;0.190640064;
AAPL251121C00210000;10/03/2025 15:10;210;49.7;48.75;49.9;0.18;0.36%;23;2,029;45.04%;TRUE;call;21/11/2025;47;0.813890396;0.179599434;
AAPL251121C00215000;10/03/2025 14:09;215;44.65;44.55;45.95;0.47;1.06%;81;3,175;47.07%;TRUE;call;21/11/2025;47;0.833268739;0.154833488;
AAPL251121C00220000;10/03/2025 15:48;220;40.05;39.9;40.2;0.45;1.14%;293;40,222;38.95%;TRUE;call;21/11/2025;47;0.852647082;0.161788672;
AAPL251121C00225000;10/03/2025 15:40;225;35.05;35.25;35.55;0.08;0.23%;71;6,390;36.72%;TRUE;call;21/11/2025;47;0.872025424;0.148591399;
AAPL251121C00230000;10/03/2025 15:42;230;30.64;30.7;31;0.15;0.49%;45;13,469;34.61%;TRUE;call;21/11/2025;47;0.891403767;0.13385795;
AAPL251121C00235000;10/03/2025 15:58;235;26.42;26.35;26.6;0.27;1.03%;150;17,898;32.69%;TRUE;call;21/11/2025;47;0.91078211;0.117199585;
AAPL251121C00240000;10/03/2025 15:57;240;22.18;22.2;22.4;-0.09;-0.40%;285;15,372;30.97%;TRUE;call;21/11/2025;47;0.930160453;0.098498279;
AAPL251121C00245000;10/03/2025 15:46;245;18.2;18.35;18.5;0.2;1.11%;627;23,129;29.58%;TRUE;call;21/11/2025;47;0.949538795;0.077456453;
AAPL251121C00250000;10/03/2025 15:59;250;14.75;14.8;14.95;0;0.00%;3,470;27,185;28.46%;TRUE;call;21/11/2025;47;0.968917138;0.054504892;
AAPL251121C00255000;10/03/2025 15:56;255;11.53;11.65;11.8;-0.11;-0.95%;1,546;16,580;27.55%;TRUE;call;21/11/2025;47;0.988295481;0.030085569;
AAPL251121C00260000;10/03/2025 15:59;260;9;8.95;9.05;0;0.00%;2,991;19,978;26.72%;FALSE;call;21/11/2025;47;1.007673824;0.004553689;
AAPL251121C00265000;10/03/2025 15:59;265;6.68;6.65;6.75;-0.08;-1.18%;1,564;44,902;26.04%;FALSE;call;21/11/2025;47;1.027052166;-0.02189386;
AAPL251121C00270000;10/03/2025 15:59;270;4.85;4.85;4.95;-0.1;-2.02%;1,843;9,969;25.66%;FALSE;call;21/11/2025;47;1.046430509;-0.04853389;
AAPL251121C00275000;10/03/2025 15:53;275;3.45;3.4;3.5;-0.1;-2.82%;1,333;20,202;25.23%;FALSE;call;21/11/2025;47;1.065808852;-0.075658;
AAPL251121C00280000;10/03/2025 15:55;280;2.41;2.39;2.44;-0.1;-3.98%;4,676;17,233;25.01%;FALSE;call;21/11/2025;47;1.085187195;-0.102277365;
AAPL251121C00285000;10/03/2025 15:48;285;1.61;1.64;1.68;-0.14;-8.00%;431;5,139;24.93%;FALSE;call;21/11/2025;47;1.104565538;-0.128118258;
AAPL251121C00290000;10/03/2025 15:51;290;1.12;1.11;1.15;-0.1;-8.20%;573;4,360;24.96%;FALSE;call;21/11/2025;47;1.12394388;-0.152952933;
AAPL251121C00295000;10/03/2025 14:47;295;0.81;0.76;0.79;-0.07;-7.95%;247;2,232;25.14%;FALSE;call;21/11/2025;47;1.143322223;-0.176174121;
AAPL251121C00300000;10/03/2025 15:51;300;0.53;0.51;0.54;-0.07;-11.67%;997;7,519;25.34%;FALSE;call;21/11/2025;47;1.162700566;-0.198491373;
AAPL251121C00305000;10/03/2025 14:26;305;0.36;0.35;0.37;-0.06;-14.29%;173;640;25.61%;FALSE;call;21/11/2025;47;1.182078909;-0.219434276;
AAPL251121C00310000;10/03/2025 14:00;310;0.23;0.23;0.26;-0.06;-20.69%;227;1,160;25.98%;FALSE;call;21/11/2025;47;1.201457251;-0.238598043;
AAPL251121C00315000;10/03/2025 10:22;315;0.2;0.16;0.18;-0.01;-4.76%;5;606;26.32%;FALSE;call;21/11/2025;47;1.220835594;-0.257173579;
AAPL251121C00320000;10/03/2025 15:46;320;0.11;0.11;0.13;-0.04;-26.67%;6;331;26.76%;FALSE;call;21/11/2025;47;1.240213937;-0.273860688;
AAPL251121C00325000;10/03/2025 12:22;325;0.12;0.07;0.1;0;0.00%;108;2,178;27.44%;FALSE;call;21/11/2025;47;1.25959228;-0.287038551;
AAPL251121C00330000;10/03/2025 14:53;330;0.05;0.05;0.08;-0.05;-50.00%;70;195;28.22%;FALSE;call;21/11/2025;47;1.278970622;-0.298162866;
AAPL251121C00335000;10/02/2025 12:35;335;0.06;0.03;0.06;0;0.00%;6;209;28.71%;FALSE;call;21/11/2025;47;1.298348965;-0.311644679;
AAPL251121C00340000;10/02/2025 11:28;340;0.06;0.02;0.05;0;0.00%;31;555;29.49%;FALSE;call;21/11/2025;47;1.317727308;-0.321073159;
AAPL251121C00345000;10/03/2025 13:57;345;0.04;0.01;0.04;-0.01;-20.00%;258;845;30.18%;FALSE;call;21/11/2025;47;1.337105651;-0.330775033;
AAPL251121C00350000;10/03/2025 10:31;350;0.03;0;0.04;0.01;50.00%;11;3,264;31.45%;FALSE;call;21/11/2025;47;1.356483993;-0.33326015;
AAPL251121P00100000;10/03/2025 14:23;100;0.02;0;0.23;0;0.00%;3;465;104.10%;FALSE;put;21/11/2025;47;0.387566855;0.353004767;
AAPL251121P00105000;10/03/2025 14:23;105;0.02;0.01;0.05;-0.01;-33.33%;3;117;86.33%;FALSE;put;21/11/2025;47;0.406945198;0.396329705;
AAPL251121P00110000;10/02/2025 09:30;110;0.01;0.01;0.23;-0.02;-66.67%;1;377;94.53%;FALSE;put;21/11/2025;47;0.426323541;0.347916024;
AAPL251121P00115000;10/03/2025 15:14;115;0.03;0;0.04;0;0.00%;4;744;75.00%;FALSE;put;21/11/2025;47;0.445701884;0.407045099;
AAPL251121P00120000;10/03/2025 12:27;120;0.04;0.01;0.24;-0.01;-20.00%;48;1,049;85.94%;FALSE;put;21/11/2025;47;0.465080226;0.34219242;
AAPL251121P00125000;10/02/2025 14:56;125;0.03;0.01;0.06;0;0.00%;51;258;71.48%;FALSE;put;21/11/2025;47;0.484458569;0.383564682;
AAPL251121P00130000;10/03/2025 15:37;130;0.04;0.02;0.22;0;0.00%;1;1,311;77.25%;FALSE;put;21/11/2025;47;0.503836912;0.339263647;
AAPL251121P00135000;10/03/2025 15:37;135;0.05;0.03;0.21;0.01;25.00%;1;645;73.34%;FALSE;put;21/11/2025;47;0.523215255;0.337030313;
AAPL251121P00140000;10/03/2025 15:38;140;0.05;0.04;0.2;-0.01;-16.67%;42;1,613;69.53%;FALSE;put;21/11/2025;47;0.542593597;0.33492049;
AAPL251121P00145000;10/03/2025 10:20;145;0.06;0.05;0.08;-0.02;-25.00%;3;760;61.33%;FALSE;put;21/11/2025;47;0.56197194;0.355125772;
AAPL251121P00150000;10/03/2025 15:39;150;0.08;0.06;0.09;0;0.00%;45;3,544;58.98%;FALSE;put;21/11/2025;47;0.581350283;0.347541914;
AAPL251121P00155000;10/02/2025 10:20;155;0.08;0.08;0.11;0;0.00%;1;1,110;57.23%;FALSE;put;21/11/2025;47;0.600728626;0.336788617;
AAPL251121P00160000;10/03/2025 12:47;160;0.09;0.1;0.12;-0.03;-25.00%;50;1,645;54.88%;FALSE;put;21/11/2025;47;0.620106968;0.329341768;
AAPL251121P00165000;10/03/2025 15:06;165;0.13;0.11;0.13;0;0.00%;17;4,558;52.25%;FALSE;put;21/11/2025;47;0.639485311;0.323540132;
AAPL251121P00170000;10/02/2025 13:35;170;0.14;0.13;0.15;0;0.00%;3;5,078;50.10%;FALSE;put;21/11/2025;47;0.658863654;0.315027781;
AAPL251121P00175000;10/03/2025 13:43;175;0.16;0.15;0.18;0;0.00%;31;3,823;48.54%;FALSE;put;21/11/2025;47;0.678241997;0.302990506;
AAPL251121P00180000;10/03/2025 14:33;180;0.18;0.18;0.21;-0.02;-10.00%;77;14,069;46.44%;FALSE;put;21/11/2025;47;0.69762034;0.29393191;
AAPL251121P00185000;10/03/2025 10:57;185;0.22;0.22;0.24;-0.02;-8.33%;135;11,394;44.14%;FALSE;put;21/11/2025;47;0.716998682;0.285883189;
AAPL251121P00190000;10/03/2025 15:49;190;0.27;0.26;0.29;-0.02;-6.90%;24;6,247;42.29%;FALSE;put;21/11/2025;47;0.736377025;0.274887341;
AAPL251121P00195000;10/03/2025 15:45;195;0.32;0.31;0.34;-0.02;-5.88%;85;6,413;40.19%;FALSE;put;21/11/2025;47;0.755755368;0.26506269;
AAPL251121P00200000;10/03/2025 15:49;200;0.4;0.39;0.41;-0.03;-6.98%;357;16,013;38.26%;FALSE;put;21/11/2025;47;0.775133711;0.253773957;
AAPL251121P00205000;10/03/2025 15:18;205;0.49;0.48;0.5;-0.02;-3.92%;80;4,681;36.40%;FALSE;put;21/11/2025;47;0.794512053;0.241517766;
AAPL251121P00210000;10/03/2025 14:19;210;0.61;0.6;0.63;-0.05;-7.58%;179;14,819;34.77%;FALSE;put;21/11/2025;47;0.813890396;0.227199848;
AAPL251121P00215000;10/03/2025 15:44;215;0.79;0.76;0.79;-0.01;-1.25%;365;9,016;33.08%;FALSE;put;21/11/2025;47;0.833268739;0.212481534;
AAPL251121P00220000;10/03/2025 15:43;220;0.99;0.98;1.01;-0.09;-8.33%;294;9,644;31.53%;FALSE;put;21/11/2025;47;0.852647082;0.196029457;
AAPL251121P00225000;10/03/2025 15:43;225;1.33;1.29;1.33;-0.06;-4.32%;253;6,162;30.19%;FALSE;put;21/11/2025;47;0.872025424;0.177386555;
AAPL251121P00230000;10/03/2025 15:53;230;1.79;1.72;1.76;-0.09;-4.79%;364;13,093;28.89%;FALSE;put;21/11/2025;47;0.891403767;0.157455207;
AAPL251121P00235000;10/03/2025 15:53;235;2.4;2.32;2.36;-0.15;-5.88%;244;7,672;27.76%;FALSE;put;21/11/2025;47;0.91078211;0.135532462;
AAPL251121P00240000;10/03/2025 15:54;240;3.2;3.1;3.2;-0.25;-7.25%;813;12,037;26.81%;FALSE;put;21/11/2025;47;0.930160453;0.111709957;
AAPL251121P00245000;10/03/2025 15:54;245;4.35;4.2;4.3;-0.25;-5.43%;2,038;4,669;25.89%;FALSE;put;21/11/2025;47;0.949538795;0.086669052;
AAPL251121P00250000;10/03/2025 15:35;250;5.81;5.65;5.75;-0.19;-3.17%;5,573;14,977;25.07%;FALSE;put;21/11/2025;47;0.968917138;0.060202506;
AAPL251121P00255000;10/03/2025 15:53;255;7.7;7.5;7.6;-0.34;-4.23%;864;3,520;24.34%;FALSE;put;21/11/2025;47;0.988295481;0.032472095;
AAPL251121P00260000;10/03/2025 15:59;260;9.85;9.75;9.9;-0.6;-5.74%;637;1,697;23.69%;TRUE;put;21/11/2025;47;1.007673824;0.003646487;
AAPL251121P00265000;10/03/2025 15:03;265;12.42;12.5;12.65;-0.59;-4.53%;85;528;23.06%;TRUE;put;21/11/2025;47;1.027052166;-0.026188974;
AAPL251121P00270000;10/03/2025 14:14;270;16.03;15.65;15.8;-0.32;-1.96%;30;145;22.27%;TRUE;put;21/11/2025;47;1.046430509;-0.057607152;
AAPL251121P00275000;10/03/2025 12:15;275;19;19.2;19.5;-0.52;-2.66%;4;153;21.88%;TRUE;put;21/11/2025;47;1.065808852;-0.088907734;
AAPL251121P00280000;10/03/2025 14:28;280;22.94;23.1;23.75;-1.06;-4.42%;77;253;22.30%;TRUE;put;21/11/2025;47;1.085187195;-0.116034323;
AAPL251121P00285000;10/03/2025 14:27;285;27.31;27.4;28.1;-0.74;-2.64%;14;58;22.12%;TRUE;put;21/11/2025;47;1.104565538;-0.145773827;
AAPL251121P00290000;9/22/2025 1:42 PM;290;35.65;32;32.7;0;0.00%;3;3;22.23%;TRUE;put;21/11/2025;47;1.12394388;-0.173074685;
AAPL251121P00300000;9/25/2025 10:25 AM;300;41.6;41.6;42.65;-4.47;-9.70%;1;0;26.54%;TRUE;put;21/11/2025;47;1.162700566;-0.18897502;
AAPL251121P00305000;07/10/2025 15:50;305;92.7;48.75;50.45;0;0.00%;1;0;44.35%;TRUE;put;21/11/2025;47;1.182078909;-0.119885104;
AAPL251121P00315000;8/20/2025 3:50 PM;315;88.2;58.8;60.45;0;0.00%;0;0;49.73%;TRUE;put;21/11/2025;47;1.220835594;-0.127842524;
AAPL251121P00325000;07/07/2025 09:33;325;109.82;68.8;70.45;0;0.00%;0;0;50.66%;TRUE;put;21/11/2025;47;1.25959228;-0.14720666;
AAPL251121P00335000;8/26/2025 3:54 PM;335;107;78.8;80.45;0;0.00%;0;0;55.21%;TRUE;put;21/11/2025;47;1.298348965;-0.152756233;
AAPL251121P00345000;09/11/2025 15:50;345;114.9;86.3;87.5;0;0.00%;0;0;42.46%;TRUE;put;21/11/2025;47;1.337105651;-0.230259016;
AAPL260116C00005000;10/03/2025 10:35;5;253.08;251.2;254.05;-0.16;-0.06%;51;2,456;445.70%;TRUE;call;16/01/2026;103;0.019378343;0.805771458;
AAPL260116C00010000;10/01/2025 12:47;10;246.42;246.95;249.1;0;0.00%;1;1;181.25%;TRUE;call;16/01/2026;103;0.038756686;1.092642307;
AAPL260116C00015000;10/01/2025 12:47;15;241.45;241.95;243.9;0;0.00%;1;150;283.50%;TRUE;call;16/01/2026;103;0.058135028;0.748221824;
AAPL260116C00020000;09/03/2025 13:14;20;217.92;237.05;239.3;0;0.00%;26;37;195.31%;TRUE;call;16/01/2026;103;0.077513371;0.845777612;
AAPL260116C00025000;9/18/2025 12:53 PM;25;213.3;232.05;234.3;0;0.00%;10;24;177.34%;TRUE;call;16/01/2026;103;0.096891714;0.836335981;
AAPL260116C00030000;7/25/2025 10:00 AM;30;184.55;224.6;226.9;0;0.00%;1;137;0.00%;TRUE;call;16/01/2026;103;0.116270057;115058.9664;
AAPL260116C00035000;10/01/2025 12:47;35;221.72;222.2;224.5;0;0.00%;1;43;166.21%;TRUE;call;16/01/2026;103;0.135648399;0.767558623;
AAPL260116C00040000;09/10/2025 12:06;40;188.12;217.3;219.55;0;0.00%;1;29;159.47%;TRUE;call;16/01/2026;103;0.155026742;0.745201239;
AAPL260116C00045000;9/19/2025 10:46 AM;45;197.13;212.3;214.65;0;0.00%;1;92;151.86%;TRUE;call;16/01/2026;103;0.174405085;0.729649777;
AAPL260116C00050000;8/21/2025 11:18 AM;50;175.94;204.2;207.4;0;0.00%;2;1,392;0.00%;TRUE;call;16/01/2026;103;0.193783428;87923.02743;
AAPL260116C00055000;10/01/2025 12:47;55;201.95;202.45;204.4;0;0.00%;1;311;132.32%;TRUE;call;16/01/2026;103;0.21316177;0.725382346;
AAPL260116C00060000;08/12/2025 12:21;60;171.17;195.05;197.3;0;0.00%;1;379;0.00%;TRUE;call;16/01/2026;103;0.232540113;78237.79159;
AAPL260116C00065000;10/01/2025 12:47;65;192.17;192.55;194.8;0;0.00%;1;83;127.05%;TRUE;call;16/01/2026;103;0.251918456;0.677559378;
AAPL260116C00070000;9/29/2025 9:53 AM;70;184.97;187.7;189.55;0;0.00%;1;223;119.04%;TRUE;call;16/01/2026;103;0.271296799;0.677668957;
AAPL260116C00075000;10/01/2025 12:48;75;182.23;182.7;184.65;0;0.00%;2;268;114.40%;TRUE;call;16/01/2026;103;0.290675141;0.666021324;
AAPL260116C00080000;9/24/2025 2:57 PM;80;172.78;177.15;179.95;0;0.00%;4;664;105.23%;TRUE;call;16/01/2026;103;0.310053484;0.677134532;
AAPL260116C00085000;10/01/2025 12:48;85;172.35;172.8;174.8;0;0.00%;1;239;106.35%;TRUE;call;16/01/2026;103;0.329431827;0.641391955;
AAPL260116C00090000;9/19/2025 10:11 AM;90;152.62;167.95;169.8;0;0.00%;3;256;102.78%;TRUE;call;16/01/2026;103;0.34881017;0.628683564;
AAPL260116C00095000;9/30/2025 2:53 PM;95;160.11;162.95;164.9;0;0.00%;1;173;98.83%;TRUE;call;16/01/2026;103;0.368188513;0.618709548;
AAPL260116C00100000;10/02/2025 15:38;100;158.48;157.6;160.2;0;0.00%;1;2,037;93.70%;TRUE;call;16/01/2026;103;0.387566855;0.615602785;
AAPL260116C00105000;9/17/2025 10:56 AM;105;136.37;153.1;154.95;0;0.00%;10;209;91.36%;TRUE;call;16/01/2026;103;0.406945198;0.599448347;
AAPL260116C00110000;10/03/2025 09:47;110;149.84;148.2;150.35;0.73;0.49%;2;369;90.65%;TRUE;call;16/01/2026;103;0.426323541;0.575814021;
AAPL260116C00115000;10/02/2025 14:20;115;144.1;143.25;145.5;0;0.00%;1;301;87.67%;TRUE;call;16/01/2026;103;0.445701884;0.563908987;
AAPL260116C00120000;10/01/2025 13:08;120;138.36;138.05;141.15;0;0.00%;1;801;86.11%;TRUE;call;16/01/2026;103;0.465080226;0.545510193;
AAPL260116C00125000;10/03/2025 10:47;125;134.95;133.95;135.05;5.49;4.24%;10;741;80.98%;TRUE;call;16/01/2026;103;0.484458569;0.54535525;
AAPL260116C00130000;10/02/2025 15:16;130;129.2;128.15;130.25;0;0.00%;40;698;73.78%;TRUE;call;16/01/2026;103;0.503836912;0.559015941;
AAPL260116C00135000;9/30/2025 9:30 AM;135;121.9;123.55;125.65;0;0.00%;1;387;74.39%;TRUE;call;16/01/2026;103;0.523215255;0.528392811;
AAPL260116C00140000;9/26/2025 3:54 PM;140;117.3;118.25;120.45;0;0.00%;1;1,233;68.34%;TRUE;call;16/01/2026;103;0.542593597;0.537430249;
AAPL260116C00145000;9/26/2025 1:39 PM;145;114;113.9;115.35;0;0.00%;1;311;67.48%;TRUE;call;16/01/2026;103;0.56197194;0.515357795;
AAPL260116C00150000;10/03/2025 10:47;150;109.75;108.9;110.55;0;0.00%;3;57,708;64.93%;TRUE;call;16/01/2026;103;0.581350283;0.503963786;
AAPL260116C00155000;10/01/2025 09:38;155;105.9;104.65;105.95;0;0.00%;1;2,250;65.81%;TRUE;call;16/01/2026;103;0.600728626;0.472067827;
AAPL260116C00160000;10/03/2025 15:43;160;100.4;99.9;100.65;1.02;1.03%;5;10,459;62.23%;TRUE;call;16/01/2026;103;0.620106968;0.466602413;
AAPL260116C00165000;10/03/2025 09:56;165;95.78;94.2;96.05;0.99;1.04%;2;6,208;57.97%;TRUE;call;16/01/2026;103;0.639485311;0.466072494;
AAPL260116C00170000;10/03/2025 15:49;170;90.5;90.05;90.85;0.7;0.78%;301;5,150;56.75%;TRUE;call;16/01/2026;103;0.658863654;0.446299508;
AAPL260116C00175000;10/03/2025 09:56;175;86.01;85.1;86.15;1.05;1.24%;3;16,811;54.53%;TRUE;call;16/01/2026;103;0.678241997;0.432834682;
AAPL260116C00180000;10/03/2025 15:18;180;80.67;79.7;81.75;-0.01;-0.01%;16;43,395;51.89%;TRUE;call;16/01/2026;103;0.69762034;0.421958338;
AAPL260116C00185000;10/02/2025 15:38;185;75.69;75.55;76.8;0;0.00%;5;6,857;50.92%;TRUE;call;16/01/2026;103;0.716998682;0.399945226;
AAPL260116C00190000;10/03/2025 12:17;190;71.9;70.2;71.8;1.13;1.60%;107;5,116;50.42%;TRUE;call;16/01/2026;103;0.736377025;0.37506135;
AAPL260116C00195000;10/03/2025 12:56;195;65.6;65.9;66.8;-0.66;-1.00%;21;7,141;47.22%;TRUE;call;16/01/2026;103;0.755755368;0.366297051;
AAPL260116C00200000;10/03/2025 15:49;200;61.31;61.05;61.95;0.11;0.18%;241;20,529;44.62%;TRUE;call;16/01/2026;103;0.775133711;0.353488463;
AAPL260116C00205000;10/03/2025 14:06;205;55.94;56.45;57.1;-0.66;-1.17%;35;5,003;42.02%;TRUE;call;16/01/2026;103;0.794512053;0.340126352;
AAPL260116C00210000;10/03/2025 14:57;210;52.62;51.95;52.25;0.52;1.00%;45;14,905;39.39%;TRUE;call;16/01/2026;103;0.813890396;0.326263925;
AAPL260116C00215000;10/03/2025 15:31;215;47.58;47.45;47.8;0.01;0.02%;30;12,006;37.96%;TRUE;call;16/01/2026;103;0.833268739;0.303442324;
AAPL260116C00220000;10/03/2025 15:42;220;42.88;43;43.3;0.23;0.54%;198;14,561;36.19%;TRUE;call;16/01/2026;103;0.852647082;0.281820249;
AAPL260116C00225000;10/03/2025 15:10;225;38.5;38.65;38.9;0.29;0.76%;470;25,901;34.51%;TRUE;call;16/01/2026;103;0.872025424;0.258367812;
AAPL260116C00230000;10/03/2025 15:49;230;34.62;34.45;34.7;0.6;1.76%;230;22,563;33.12%;TRUE;call;16/01/2026;103;0.891403767;0.23183214;
AAPL260116C00235000;10/03/2025 15:47;235;30.4;30.35;30.6;0.19;0.63%;1,037;26,404;31.70%;TRUE;call;16/01/2026;103;0.91078211;0.204002202;
AAPL260116C00240000;10/03/2025 15:39;240;26.4;26.5;26.75;-0.12;-0.45%;218;29,389;30.53%;TRUE;call;16/01/2026;103;0.930160453;0.173401012;
AAPL260116C00245000;10/03/2025 15:59;245;22.9;22.85;23.1;0.17;0.75%;318;16,557;29.42%;TRUE;call;16/01/2026;103;0.949538795;0.141018174;
AAPL260116C00250000;10/03/2025 15:55;250;19.5;19.45;19.6;0.2;1.04%;1,242;46,558;28.22%;TRUE;call;16/01/2026;103;0.968917138;0.107148861;
AAPL260116C00255000;10/03/2025 15:57;255;16.3;16.4;16.5;0.05;0.31%;845;28,442;27.37%;TRUE;call;16/01/2026;103;0.988295481;0.070749362;
AAPL260116C00260000;10/03/2025 15:59;260;13.65;13.6;13.7;0.1;0.74%;2,166;64,082;26.61%;FALSE;call;16/01/2026;103;1.007673824;0.032851387;
AAPL260116C00265000;10/03/2025 15:54;265;11.01;11.1;11.25;-0.06;-0.54%;810;33,996;26.00%;FALSE;call;16/01/2026;103;1.027052166;-0.006219742;
AAPL260116C00270000;10/03/2025 15:58;270;9.01;9;9.05;0.06;0.67%;2,089;83,564;25.36%;FALSE;call;16/01/2026;103;1.046430509;-0.046501166;
AAPL260116C00275000;10/03/2025 15:38;275;7.15;7.1;7.25;-0.05;-0.69%;491;14,185;24.95%;FALSE;call;16/01/2026;103;1.065808852;-0.08695103;
AAPL260116C00280000;10/03/2025 15:51;280;5.47;5.6;5.7;-0.18;-3.19%;2,699;32,801;24.53%;FALSE;call;16/01/2026;103;1.085187195;-0.128093687;
AAPL260116C00285000;10/03/2025 15:38;285;4.38;4.35;4.45;-0.12;-2.67%;653;11,752;24.23%;FALSE;call;16/01/2026;103;1.104565538;-0.168934953;
AAPL260116C00290000;10/03/2025 15:58;290;3.35;3.3;3.4;-0.09;-2.62%;239;7,290;23.90%;FALSE;call;16/01/2026;103;1.12394388;-0.210419956;
AAPL260116C00295000;10/03/2025 15:54;295;2.5;2.54;2.59;-0.19;-7.06%;155;3,291;23.69%;FALSE;call;16/01/2026;103;1.143322223;-0.250931754;
AAPL260116C00300000;10/03/2025 15:59;300;1.95;1.92;1.97;-0.05;-2.50%;2,203;46,316;23.57%;FALSE;call;16/01/2026;103;1.162700566;-0.290267626;
AAPL260116C00305000;10/03/2025 15:10;305;1.45;1.45;1.49;-0.17;-10.49%;36;1,615;23.50%;FALSE;call;16/01/2026;103;1.182078909;-0.328600187;
AAPL260116C00310000;10/03/2025 15:53;310;1.07;1.09;1.12;-0.09;-7.76%;205;42,168;23.45%;FALSE;call;16/01/2026;103;1.201457251;-0.366209522;
AAPL260116C00315000;10/03/2025 15:23;315;0.84;0.82;0.85;-0.09;-9.68%;49;1,538;23.51%;FALSE;call;16/01/2026;103;1.220835594;-0.401336962;
AAPL260116C00320000;10/03/2025 15:52;320;0.6;0.61;0.64;-0.1;-14.29%;332;10,922;23.55%;FALSE;call;16/01/2026;103;1.240213937;-0.436117458;
AAPL260116C00330000;10/03/2025 15:03;330;0.33;0.35;0.36;-0.08;-19.51%;131;8,304;23.68%;FALSE;call;16/01/2026;103;1.278970622;-0.502556635;
AAPL260116C00340000;10/03/2025 13:12;340;0.21;0.19;0.21;-0.03;-12.50%;90;5,099;23.98%;FALSE;call;16/01/2026;103;1.317727308;-0.561951855;
AAPL260116C00350000;10/03/2025 15:16;350;0.12;0.11;0.12;-0.01;-7.69%;330;9,351;24.22%;FALSE;call;16/01/2026;103;1.356483993;-0.619601361;
AAPL260116C00360000;10/03/2025 15:01;360;0.08;0.06;0.09;-0.01;-11.11%;35;1,644;25.24%;FALSE;call;16/01/2026;103;1.395240679;-0.652352747;
AAPL260116C00370000;10/02/2025 15:32;370;0.06;0.03;0.06;0;0.00%;2;1,502;25.88%;FALSE;call;16/01/2026;103;1.433997365;-0.691510894;
AAPL260116C00380000;10/03/2025 15:36;380;0.04;0.03;0.05;0;0.00%;34;6,559;26.95%;FALSE;call;16/01/2026;103;1.47275405;-0.715049011;
AAPL260116C00390000;10/03/2025 14:49;390;0.02;0.02;0.03;-0.01;-33.33%;617;15,382;27.15%;FALSE;call;16/01/2026;103;1.511510736;-0.760304903;
AAPL260116P00005000;10/01/2025 09:59;5;0.01;0;0.01;0;0.00%;1;13,663;225.00%;FALSE;put;16/01/2026;103;0.019378343;1.103041319;
AAPL260116P00010000;7/25/2025 2:31 PM;10;0.01;0;0.01;0;0.00%;1;2,191;181.25%;FALSE;put;16/01/2026;103;0.038756686;1.092642307;
AAPL260116P00015000;09/05/2025 15:33;15;0.01;0;0.01;0;0.00%;1;128;159.38%;FALSE;put;16/01/2026;103;0.058135028;1.07239772;
AAPL260116P00020000;09/11/2025 09:56;20;0.01;0;0.01;0;0.00%;5;520;143.75%;FALSE;put;16/01/2026;103;0.077513371;1.057985231;
AAPL260116P00025000;6/24/2025 2:28 PM;25;0.01;0;0.01;0;0.00%;1;8;128.13%;FALSE;put;16/01/2026;103;0.096891714;1.069605176;
AAPL260116P00030000;08/12/2025 15:28;30;0.01;0;0.11;0;0.00%;3;2,367;145.70%;FALSE;put;16/01/2026;103;0.116270057;0.898899007;
AAPL260116P00035000;7/25/2025 3:45 PM;35;0.01;0;0.1;0;0.00%;10;152;133.98%;FALSE;put;16/01/2026;103;0.135648399;0.898074233;
AAPL260116P00040000;8/27/2025 2:51 PM;40;0.01;0;0.1;0;0.00%;5;1,016;125.00%;FALSE;put;16/01/2026;103;0.155026742;0.891899465;
AAPL260116P00045000;09/02/2025 14:14;45;0.01;0;0.02;0;0.00%;1;2,381;101.56%;FALSE;put;16/01/2026;103;0.174405085;0.996948095;
AAPL260116P00050000;10/02/2025 10:51;50;0.01;0;0.06;0;0.00%;30;5,647;104.69%;FALSE;put;16/01/2026;103;0.193783428;0.918302274;
AAPL260116P00055000;8/27/2025 12:00 PM;55;0.02;0;0.07;0;0.00%;2;867;100.39%;FALSE;put;16/01/2026;103;0.21316177;0.900618292;
AAPL260116P00060000;9/24/2025 11:20 AM;60;0.02;0;0.22;0;0.00%;10;1,816;106.25%;FALSE;put;16/01/2026;103;0.232540113;0.815986613;
AAPL260116P00065000;8/27/2025 10:04 AM;65;0.02;0;0.02;0;0.00%;7;5,735;80.47%;FALSE;put;16/01/2026;103;0.251918456;0.979724372;
AAPL260116P00070000;10/03/2025 13:26;70;0.01;0;0.14;-0.01;-50.00%;1;2,837;91.02%;FALSE;put;16/01/2026;103;0.271296799;0.837814668;
AAPL260116P00075000;10/03/2025 13:26;75;0.01;0;0.09;-0.01;-50.00%;1;3,905;82.42%;FALSE;put;16/01/2026;103;0.290675141;0.867202716;
AAPL260116P00080000;10/03/2025 13:26;80;0.01;0.01;0.11;-0.01;-50.00%;11;2,498;80.66%;FALSE;put;16/01/2026;103;0.310053484;0.840953934;
AAPL260116P00085000;10/03/2025 14:10;85;0.02;0.01;0.11;0;0.00%;31;2,065;76.56%;FALSE;put;16/01/2026;103;0.329431827;0.837613782;
AAPL260116P00090000;10/03/2025 11:55;90;0.02;0;0.23;0;0.00%;31;1,930;78.13%;FALSE;put;16/01/2026;103;0.34881017;0.784249911;
AAPL260116P00095000;09/12/2025 11:30;95;0.03;0.01;0.23;0;0.00%;60;6,026;74.61%;FALSE;put;16/01/2026;103;0.368188513;0.777353229;
AAPL260116P00100000;10/01/2025 11:40;100;0.04;0.03;0.08;0;0.00%;1;6,537;65.23%;FALSE;put;16/01/2026;103;0.387566855;0.832290583;
AAPL260116P00105000;9/24/2025 1:58 PM;105;0.05;0.02;0.16;0;0.00%;1;4,804;65.43%;FALSE;put;16/01/2026;103;0.406945198;0.790434446;
AAPL260116P00110000;9/29/2025 12:37 PM;110;0.05;0.03;0.18;0;0.00%;5;3,177;63.28%;FALSE;put;16/01/2026;103;0.426323541;0.774960507;
AAPL260116P00115000;10/03/2025 13:50;115;0.06;0.04;0.18;0.01;20.00%;10;1,147;60.55%;FALSE;put;16/01/2026;103;0.445701884;0.766717903;
AAPL260116P00120000;9/30/2025 10:00 AM;120;0.05;0.05;0.1;0;0.00%;1;3,747;55.08%;FALSE;put;16/01/2026;103;0.465080226;0.793206646;
AAPL260116P00125000;10/01/2025 12:08;125;0.07;0.07;0.1;-0.02;-22.22%;1;3,062;53.13%;FALSE;put;16/01/2026;103;0.484458569;0.778527046;
AAPL260116P00130000;10/03/2025 10:10;130;0.1;0.09;0.11;0;0.00%;1;9,468;51.37%;FALSE;put;16/01/2026;103;0.503836912;0.761958947;
AAPL260116P00135000;10/03/2025 15:42;135;0.11;0.1;0.13;0;0.00%;2;3,319;50.29%;FALSE;put;16/01/2026;103;0.523215255;0.736821053;
AAPL260116P00140000;10/03/2025 13:32;140;0.13;0.12;0.14;-0.02;-13.33%;18;4,365;48.15%;FALSE;put;16/01/2026;103;0.542593597;0.726166767;
AAPL260116P00145000;10/03/2025 11:50;145;0.15;0.15;0.17;0;0.00%;3;5,057;46.73%;FALSE;put;16/01/2026;103;0.56197194;0.706181317;
AAPL260116P00150000;10/03/2025 15:42;150;0.17;0.17;0.19;0;0.00%;143;66,329;44.87%;FALSE;put;16/01/2026;103;0.581350283;0.692472781;
AAPL260116P00155000;10/03/2025 12:50;155;0.2;0.21;0.23;-0.01;-4.76%;21;6,638;43.51%;FALSE;put;16/01/2026;103;0.600728626;0.672014009;
AAPL260116P00160000;10/03/2025 14:45;160;0.25;0.24;0.27;0;0.00%;1,785;15,943;42.04%;FALSE;put;16/01/2026;103;0.620106968;0.653152742;
AAPL260116P00165000;10/02/2025 14:22;165;0.29;0.29;0.32;0;0.00%;101;13,998;40.63%;FALSE;put;16/01/2026;103;0.639485311;0.633437042;
AAPL260116P00170000;10/03/2025 13:32;170;0.34;0.35;0.38;-0.01;-2.86%;19;28,026;39.26%;FALSE;put;16/01/2026;103;0.658863654;0.613058822;
AAPL260116P00175000;10/03/2025 14:17;175;0.43;0.42;0.45;0.01;2.38%;122;26,483;37.89%;FALSE;put;16/01/2026;103;0.678241997;0.592494546;
AAPL260116P00180000;10/03/2025 14:23;180;0.51;0.51;0.53;-0.01;-1.92%;927;64,290;36.52%;FALSE;put;16/01/2026;103;0.69762034;0.571652344;
AAPL260116P00185000;10/03/2025 14:17;185;0.62;0.62;0.64;0.01;1.64%;171;17,722;35.33%;FALSE;put;16/01/2026;103;0.716998682;0.547896948;
AAPL260116P00190000;10/03/2025 14:54;190;0.74;0.75;0.77;-0.03;-3.90%;23;16,171;34.11%;FALSE;put;16/01/2026;103;0.736377025;0.524100276;
AAPL260116P00195000;10/03/2025 15:55;195;0.93;0.9;0.93;0;0.00%;557;18,332;32.94%;FALSE;put;16/01/2026;103;0.755755368;0.499041344;
AAPL260116P00200000;10/03/2025 15:17;200;1.08;1.1;1.13;-0.05;-4.42%;592;43,050;31.84%;FALSE;put;16/01/2026;103;0.775133711;0.472365312;
AAPL260116P00205000;10/03/2025 13:24;205;1.37;1.34;1.38;-0.01;-0.72%;31;15,439;30.77%;FALSE;put;16/01/2026;103;0.794512053;0.444530737;
AAPL260116P00210000;10/03/2025 15:30;210;1.65;1.64;1.68;-0.05;-2.94%;820;37,098;29.70%;FALSE;put;16/01/2026;103;0.813890396;0.415812723;
AAPL260116P00215000;10/03/2025 15:18;215;2.01;2.02;2.06;-0.09;-4.29%;2,637;13,904;28.71%;FALSE;put;16/01/2026;103;0.833268739;0.3851043;
AAPL260116P00220000;10/03/2025 14:40;220;2.53;2.48;2.53;0;0.00%;1,016;17,119;27.74%;FALSE;put;16/01/2026;103;0.852647082;0.353067438;
AAPL260116P00225000;10/03/2025 15:10;225;3.15;3.05;3.15;-0.03;-0.94%;634;14,734;26.93%;FALSE;put;16/01/2026;103;0.872025424;0.318126125;
AAPL260116P00230000;10/03/2025 15:57;230;3.84;3.75;3.85;-0.06;-1.54%;282;17,132;25.98%;FALSE;put;16/01/2026;103;0.891403767;0.283369433;
AAPL260116P00235000;10/03/2025 15:03;235;4.65;4.65;4.75;-0.3;-6.06%;86;8,762;25.16%;FALSE;put;16/01/2026;103;0.91078211;0.245949766;
AAPL260116P00240000;10/03/2025 15:32;240;5.85;5.75;5.85;-0.22;-3.62%;221;8,607;24.38%;FALSE;put;16/01/2026;103;0.930160453;0.206758741;
AAPL260116P00245000;10/03/2025 14:30;245;7;7.1;7.2;-0.47;-6.29%;120;3,690;23.66%;FALSE;put;16/01/2026;103;0.949538795;0.165661911;
AAPL260116P00250000;10/03/2025 15:58;250;8.82;8.7;8.8;-0.33;-3.61%;401;16,451;22.94%;FALSE;put;16/01/2026;103;0.968917138;0.122983942;
AAPL260116P00255000;10/03/2025 15:31;255;10.62;10.55;10.7;-0.58;-5.18%;558;2,015;22.26%;FALSE;put;16/01/2026;103;0.988295481;0.078450493;
AAPL260116P00260000;10/03/2025 15:39;260;12.95;12.8;12.95;-0.08;-0.61%;322;3,234;21.66%;TRUE;put;16/01/2026;103;1.007673824;0.032090475;
AAPL260116P00265000;10/03/2025 15:49;265;15.46;15.35;15.5;-0.57;-3.56%;11;724;20.99%;TRUE;put;16/01/2026;103;1.027052166;-0.016110729;
AAPL260116P00270000;10/03/2025 11:45;270;18.1;18.25;18.45;-0.89;-4.69%;28;345;20.44%;TRUE;put;16/01/2026;103;1.046430509;-0.065956586;
AAPL260116P00275000;10/03/2025 14:24;275;21.45;21.25;21.8;-0.7;-3.16%;27;114;20.02%;TRUE;put;16/01/2026;103;1.065808852;-0.116662203;
AAPL260116P00280000;10/03/2025 10:23;280;25.25;25.05;25.35;-0.41;-1.60%;2;175;19.33%;TRUE;put;16/01/2026;103;1.085187195;-0.171394127;
AAPL260116P00285000;10/03/2025 11:52;285;29.58;28.8;29.25;-0.1;-0.34%;3;86;18.72%;TRUE;put;16/01/2026;103;1.104565538;-0.228131496;
AAPL260116P00290000;10/03/2025 12:08;290;32.91;33.05;33.55;-1.2;-3.52%;7;39;18.54%;TRUE;put;16/01/2026;103;1.12394388;-0.280446379;
AAPL260116P00295000;9/26/2025 3:21 PM;295;40;37.3;37.95;0;0.00%;1;85;17.97%;TRUE;put;16/01/2026;103;1.143322223;-0.340740145;
AAPL260116P00300000;9/24/2025 12:06 PM;300;42.2;41.95;42.6;-6.8;-13.88%;1;52;17.76%;TRUE;put;16/01/2026;103;1.162700566;-0.395354344;
AAPL260116P00305000;09/10/2025 09:43;305;76;46.35;47.75;0;0.00%;0;0;20.15%;TRUE;put;16/01/2026;103;1.182078909;-0.388667524;
AAPL260116P00310000;9/18/2025 3:48 PM;310;72.28;51.35;52.65;0;0.00%;1;1;21.03%;TRUE;put;16/01/2026;103;1.201457251;-0.412185026;
AAPL260116P00315000;9/18/2025 3:48 PM;315;77.3;56.35;57.65;0;0.00%;1;0;22.45%;TRUE;put;16/01/2026;103;1.220835594;-0.421912164;
AAPL260116P00320000;09/10/2025 09:42;320;90.35;61.35;62.5;0;0.00%;2;0;22.72%;TRUE;put;16/01/2026;103;1.240213937;-0.453315803;
AAPL260116P00330000;09/10/2025 09:42;330;100.35;71.6;72.5;0;0.00%;1;0;25.28%;TRUE;put;16/01/2026;103;1.278970622;-0.468427927;
AAPL260116P00340000;09/10/2025 15:37;340;113.97;81.6;82.65;0;0.00%;4;0;28.98%;TRUE;put;16/01/2026;103;1.317727308;-0.458151394;
AAPL260116P00350000;9/22/2025 3:06 PM;350;94.24;91.35;92.7;0;0.00%;25;0;31.78%;TRUE;put;16/01/2026;103;1.356483993;-0.462226929;
AAPL260116P00360000;09/10/2025 09:42;360;101.91;101.6;102.65;-28.44;-21.82%;3;0;33.67%;TRUE;put;16/01/2026;103;1.395240679;-0.477972145;
AAPL260116P00370000;09/10/2025 09:42;370;140.35;111.35;112.65;0;0.00%;1;0;35.86%;TRUE;put;16/01/2026;103;1.433997365;-0.486186855;
AAPL260116P00390000;10/02/2025 10:26;390;133.7;131.6;132.45;0;0.00%;6;0;37.87%;TRUE;put;16/01/2026;103;1.511510736;-0.531292866;
AAPL260220C00100000;9/24/2025 12:59 PM;100;153.2;158.5;160.4;0;0.00%;4;13;88.45%;TRUE;call;20/02/2026;138;0.387566855;0.774883154;
AAPL260220C00105000;07/03/2025 12:53;105;111.38;151.05;153.2;0;0.00%;1;1;61.13%;TRUE;call;20/02/2026;138;0.406945198;0.994405276;
AAPL260220C00110000;9/22/2025 3:58 PM;110;148.05;148.7;150.35;0;0.00%;4;55;81.18%;TRUE;call;20/02/2026;138;0.426323541;0.754428264;
AAPL260220C00120000;9/29/2025 9:30 AM;120;137.49;138.95;140.5;0;0.00%;1;77;75.64%;TRUE;call;20/02/2026;138;0.465080226;0.725600932;
AAPL260220C00125000;09/03/2025 10:35;125;114.78;134.05;135.8;0;0.00%;11;37;73.78%;TRUE;call;20/02/2026;138;0.484458569;0.70549391;
AAPL260220C00130000;09/12/2025 11:49;130;106.85;129.2;130.8;0;0.00%;3;97;70.87%;TRUE;call;20/02/2026;138;0.503836912;0.693529613;
AAPL260220C00135000;9/29/2025 11:47 AM;135;120.79;124.25;125.75;0;0.00%;1;10;67.49%;TRUE;call;20/02/2026;138;0.523215255;0.685823902;
AAPL260220C00140000;10/03/2025 12:25;140;120.8;119.3;120.75;6.9;6.06%;2;139;64.42%;TRUE;call;20/02/2026;138;0.542593597;0.676487838;
AAPL260220C00145000;09/02/2025 12:12;145;86.1;114.45;116.6;0;0.00%;15;15;64.49%;TRUE;call;20/02/2026;138;0.56197194;0.642458691;
AAPL260220C00150000;9/19/2025 2:01 PM;150;98.4;109.7;111.1;0;0.00%;21;66;60.56%;TRUE;call;20/02/2026;138;0.581350283;0.640296451;
AAPL260220C00155000;09/04/2025 15:50;155;87.85;104.9;106.55;0;0.00%;1;29;59.33%;TRUE;call;20/02/2026;138;0.600728626;0.616699308;
AAPL260220C00160000;9/19/2025 1:33 PM;160;88.34;99.95;101.75;0;0.00%;10;108;56.93%;TRUE;call;20/02/2026;138;0.620106968;0.602709806;
AAPL260220C00165000;9/22/2025 3:32 PM;165;94.17;95.7;96.9;0;0.00%;1;25;56.09%;TRUE;call;20/02/2026;138;0.639485311;0.576035681;
AAPL260220C00170000;9/26/2025 10:12 AM;170;88.6;90.7;91.95;0;0.00%;72;133;53.20%;TRUE;call;20/02/2026;138;0.658863654;0.565922887;
AAPL260220C00175000;9/26/2025 10:35 AM;175;83.6;85.4;87.2;0;0.00%;4;95;50.17%;TRUE;call;20/02/2026;138;0.678241997;0.557317738;
AAPL260220C00180000;10/03/2025 15:50;180;81.3;80.95;82.3;-0.3;-0.37%;1;145;51.17%;TRUE;call;20/02/2026;138;0.69762034;0.514877658;
AAPL260220C00185000;10/02/2025 12:30;185;76.39;76.4;77.35;0;0.00%;1;133;48.40%;TRUE;call;20/02/2026;138;0.716998682;0.502912828;
AAPL260220C00190000;10/03/2025 14:28;190;72.7;71.6;72.8;0.7;0.97%;2;137;46.98%;TRUE;call;20/02/2026;138;0.736377025;0.479859097;
AAPL260220C00195000;9/26/2025 12:08 PM;195;65.15;67.15;67.85;0;0.00%;4;406;44.23%;TRUE;call;20/02/2026;138;0.755755368;0.466991597;
AAPL260220C00200000;10/03/2025 14:39;200;63.05;62.5;63.25;0.05;0.08%;126;1,363;42.53%;TRUE;call;20/02/2026;138;0.775133711;0.445023817;
AAPL260220C00205000;10/03/2025 10:34;205;59.1;57.95;58.6;1.2;2.07%;4;417;40.61%;TRUE;call;20/02/2026;138;0.794512053;0.42410787;
AAPL260220C00210000;10/03/2025 15:23;210;53.68;53.65;54;0;0.00%;11;1,060;38.75%;TRUE;call;20/02/2026;138;0.813890396;0.401799743;
AAPL260220C00215000;10/03/2025 10:25;215;49.6;49.25;49.6;0.55;1.12%;11;921;37.29%;TRUE;call;20/02/2026;138;0.833268739;0.375271249;
AAPL260220C00220000;10/03/2025 15:26;220;45;45;45.3;0.1;0.22%;25;2,589;35.91%;TRUE;call;20/02/2026;138;0.852647082;0.347058818;
AAPL260220C00225000;10/03/2025 15:23;225;40.86;40.85;41.15;0.31;0.76%;71;2,781;34.68%;TRUE;call;20/02/2026;138;0.872025424;0.316613763;
AAPL260220C00230000;10/03/2025 15:33;230;36.92;36.8;37.1;0.05;0.14%;17;5,993;33.47%;TRUE;call;20/02/2026;138;0.891403767;0.284819088;
AAPL260220C00235000;10/03/2025 15:10;235;33.1;32.9;33.2;-0.25;-0.75%;86;2,655;32.32%;TRUE;call;20/02/2026;138;0.91078211;0.251318057;
AAPL260220C00240000;10/03/2025 15:09;240;29.25;29.2;29.5;-0.05;-0.17%;18;5,285;31.30%;TRUE;call;20/02/2026;138;0.930160453;0.215740025;
AAPL260220C00245000;10/03/2025 15:24;245;25.7;25.75;26.05;-0.1;-0.39%;18;2,663;30.45%;TRUE;call;20/02/2026;138;0.949538795;0.17812286;
AAPL260220C00250000;10/03/2025 15:51;250;22.45;22.45;22.7;0.01;0.04%;127;3,113;29.48%;TRUE;call;20/02/2026;138;0.968917138;0.139554739;
AAPL260220C00255000;10/03/2025 15:43;255;19.15;19.4;19.55;-0.15;-0.78%;229;3,502;28.53%;TRUE;call;20/02/2026;138;0.988295481;0.099278716;
AAPL260220C00260000;10/03/2025 15:54;260;16.4;16.6;16.75;-0.15;-0.91%;458;8,714;27.82%;FALSE;call;20/02/2026;138;1.007673824;0.057223946;
AAPL260220C00265000;10/03/2025 15:37;265;14.09;14.1;14.2;-0.11;-0.77%;244;6,228;27.16%;FALSE;call;20/02/2026;138;1.027052166;0.013939247;
AAPL260220C00270000;10/03/2025 15:58;270;11.87;11.8;11.95;-0.07;-0.59%;313;6,727;26.62%;FALSE;call;20/02/2026;138;1.046430509;-0.030220635;
AAPL260220C00275000;10/03/2025 15:29;275;9.85;9.85;9.95;0.05;0.51%;110;11,274;26.12%;FALSE;call;20/02/2026;138;1.065808852;-0.075166176;
AAPL260220C00280000;10/03/2025 15:28;280;8.1;8.1;8.25;-0.05;-0.61%;347;3,632;25.75%;FALSE;call;20/02/2026;138;1.085187195;-0.120137228;
AAPL260220C00285000;10/03/2025 15:43;285;6.75;6.65;6.75;-0.04;-0.59%;137;1,369;25.37%;FALSE;call;20/02/2026;138;1.104565538;-0.165722798;
AAPL260220C00290000;10/03/2025 13:53;290;5.43;5.4;5.5;-0.12;-2.16%;163;1,302;25.08%;FALSE;call;20/02/2026;138;1.12394388;-0.210954518;
AAPL260220C00295000;10/03/2025 15:18;295;4.39;4.35;4.45;-0.11;-2.44%;349;1,271;24.84%;FALSE;call;20/02/2026;138;1.143322223;-0.255866763;
AAPL260220C00300000;10/03/2025 15:59;300;3.56;3.5;3.6;-0.09;-2.47%;271;4,426;24.69%;FALSE;call;20/02/2026;138;1.162700566;-0.299625983;
AAPL260220C00310000;10/03/2025 14:59;310;2.29;2.27;2.31;-0.1;-4.18%;30;1,161;24.45%;FALSE;call;20/02/2026;138;1.201457251;-0.385586183;
AAPL260220C00320000;10/03/2025 15:54;320;1.45;1.45;1.49;-0.12;-7.64%;54;6,292;24.43%;FALSE;call;20/02/2026;138;1.240213937;-0.465854056;
AAPL260220C00330000;10/03/2025 15:42;330;0.95;0.92;0.96;-0.09;-8.65%;22;984;24.50%;FALSE;call;20/02/2026;138;1.278970622;-0.541586005;
AAPL260220C00340000;10/03/2025 11:00;340;0.66;0.59;0.63;-0.02;-2.94%;3;2,118;24.72%;FALSE;call;20/02/2026;138;1.317727308;-0.610510175;
AAPL260220C00350000;10/03/2025 11:35;350;0.45;0.38;0.41;0;0.00%;35;734;24.92%;FALSE;call;20/02/2026;138;1.356483993;-0.67666941;
AAPL260220C00360000;10/03/2025 13:21;360;0.28;0.24;0.28;0.01;3.70%;5;117;25.29%;FALSE;call;20/02/2026;138;1.395240679;-0.73440611;
AAPL260220C00370000;10/01/2025 15:39;370;0.2;0.16;0.19;0.01;5.26%;5;1,288;25.64%;FALSE;call;20/02/2026;138;1.433997365;-0.789277439;
AAPL260220C00380000;10/03/2025 12:03;380;0.12;0.1;0.13;-0.03;-20.00%;11;812;25.98%;FALSE;call;20/02/2026;138;1.47275405;-0.841278196;
AAPL260220C00390000;10/03/2025 11:11;390;0.09;0.06;0.1;0;0.00%;1;1,104;26.66%;FALSE;call;20/02/2026;138;1.511510736;-0.878167746;
AAPL260220C00400000;10/03/2025 15:16;400;0.06;0.04;0.05;-0.01;-14.29%;83;3,913;26.07%;FALSE;call;20/02/2026;138;1.550267421;-0.959140249;
AAPL260220P00100000;10/03/2025 09:30;100;0.07;0.06;0.1;0;0.00%;1;385;58.79%;FALSE;put;20/02/2026;138;0.387566855;1.079465096;
AAPL260220P00105000;9/22/2025 1:19 PM;105;0.06;0.06;0.09;0;0.00%;2;23;55.47%;FALSE;put;20/02/2026;138;0.406945198;1.082040237;
AAPL260220P00110000;10/03/2025 13:34;110;0.09;0.08;0.11;-0.02;-18.18%;1;63;54.10%;FALSE;put;20/02/2026;138;0.426323541;1.053343259;
AAPL260220P00115000;10/03/2025 15:41;115;0.11;0;0.13;-0.11;-50.00%;3;39;53.42%;FALSE;put;20/02/2026;138;0.445701884;1.013995784;
AAPL260220P00120000;9/23/2025 2:41 PM;120;0.13;0.12;0.14;0;0.00%;1;81;50.78%;FALSE;put;20/02/2026;138;0.465080226;1.008880937;
AAPL260220P00125000;10/02/2025 11:00;125;0.14;0.13;0.18;0;0.00%;3;378;50.20%;FALSE;put;20/02/2026;138;0.484458569;0.969180373;
AAPL260220P00130000;10/03/2025 15:41;130;0.17;0.16;0.19;-0.07;-29.17%;1;429;48.05%;FALSE;put;20/02/2026;138;0.503836912;0.957246708;
AAPL260220P00135000;9/30/2025 2:46 PM;135;0.23;0.19;0.22;0;0.00%;4;545;46.48%;FALSE;put;20/02/2026;138;0.523215255;0.935942734;
AAPL260220P00140000;10/01/2025 13:48;140;0.25;0.23;0.27;0;0.00%;1;415;45.36%;FALSE;put;20/02/2026;138;0.542593597;0.907118452;
AAPL260220P00145000;9/22/2025 10:21 AM;145;0.3;0.27;0.31;0;0.00%;10;1,661;43.85%;FALSE;put;20/02/2026;138;0.56197194;0.885578587;
AAPL260220P00150000;10/03/2025 13:34;150;0.32;0.32;0.36;-0.04;-11.11%;110;461;42.48%;FALSE;put;20/02/2026;138;0.581350283;0.86183174;
AAPL260220P00155000;9/29/2025 11:22 AM;155;0.46;0.39;0.43;0;0.00%;6;405;41.31%;FALSE;put;20/02/2026;138;0.600728626;0.834676591;
AAPL260220P00160000;9/30/2025 12:32 PM;160;0.54;0.46;0.5;0;0.00%;193;3,005;39.99%;FALSE;put;20/02/2026;138;0.620106968;0.81029239;
AAPL260220P00165000;10/03/2025 13:11;165;0.55;0.56;0.59;-0.07;-11.29%;11;897;38.79%;FALSE;put;20/02/2026;138;0.639485311;0.783749153;
AAPL260220P00170000;10/03/2025 09:59;170;0.68;0.66;0.7;0;0.00%;21;1,702;37.67%;FALSE;put;20/02/2026;138;0.658863654;0.755681009;
AAPL260220P00175000;10/03/2025 10:28;175;0.81;0.79;0.83;-0.08;-8.99%;2;2,037;36.57%;FALSE;put;20/02/2026;138;0.678241997;0.727077054;
AAPL260220P00180000;10/03/2025 14:18;180;0.97;0.94;0.98;0.03;3.19%;22;5,553;35.47%;FALSE;put;20/02/2026;138;0.69762034;0.69819398;
AAPL260220P00185000;10/03/2025 15:03;185;1.15;1.12;1.16;-0.01;-0.86%;6;2,951;34.40%;FALSE;put;20/02/2026;138;0.716998682;0.668411284;
AAPL260220P00190000;10/02/2025 15:37;190;1.38;1.34;1.38;0;0.00%;2;1,107;33.41%;FALSE;put;20/02/2026;138;0.736377025;0.636802064;
AAPL260220P00195000;10/02/2025 15:02;195;1.63;1.59;1.64;-0.01;-0.61%;1;1,829;32.42%;FALSE;put;20/02/2026;138;0.755755368;0.604646561;
AAPL260220P00200000;10/03/2025 14:53;200;1.88;1.9;1.94;-0.1;-5.05%;70;3,704;31.42%;FALSE;put;20/02/2026;138;0.775133711;0.571983262;
AAPL260220P00205000;10/03/2025 11:24;205;2.19;2.27;2.31;-0.14;-6.01%;8;4,477;30.49%;FALSE;put;20/02/2026;138;0.794512053;0.537438891;
AAPL260220P00210000;10/03/2025 11:44;210;2.67;2.71;2.76;-0.09;-3.26%;11;7,015;29.62%;FALSE;put;20/02/2026;138;0.813890396;0.501149183;
AAPL260220P00215000;10/03/2025 15:59;215;3.28;3.2;3.3;-0.09;-2.67%;3;1,946;28.78%;FALSE;put;20/02/2026;138;0.833268739;0.463523288;
AAPL260220P00220000;10/03/2025 12:21;220;3.95;3.85;3.95;-0.05;-1.25%;113;21,762;27.99%;FALSE;put;20/02/2026;138;0.852647082;0.424241456;
AAPL260220P00225000;10/03/2025 13:42;225;4.6;4.6;4.7;-0.1;-2.13%;96;1,947;27.16%;FALSE;put;20/02/2026;138;0.872025424;0.384371468;
AAPL260220P00230000;10/03/2025 15:27;230;5.55;5.45;5.6;-0.2;-3.48%;42;6,444;26.39%;FALSE;put;20/02/2026;138;0.891403767;0.342561289;
AAPL260220P00235000;10/03/2025 14:59;235;6.47;6.55;6.65;-0.28;-4.15%;176;1,065;25.62%;FALSE;put;20/02/2026;138;0.91078211;0.299426272;
AAPL260220P00240000;10/03/2025 13:22;240;7.65;7.75;7.9;-0.4;-4.97%;15;1,514;24.91%;FALSE;put;20/02/2026;138;0.930160453;0.254319644;
AAPL260220P00245000;10/03/2025 11:39;245;9.2;9.2;9.35;-0.35;-3.66%;32;1,946;24.21%;FALSE;put;20/02/2026;138;0.949538795;0.207655235;
AAPL260220P00250000;10/03/2025 13:45;250;11.07;10.9;11.05;-0.35;-3.06%;56;278;23.56%;FALSE;put;20/02/2026;138;0.968917138;0.159128003;
AAPL260220P00255000;10/03/2025 13:25;255;13;12.8;12.95;0;0.00%;121;970;22.85%;FALSE;put;20/02/2026;138;0.988295481;0.109110314;
AAPL260220P00260000;10/03/2025 15:41;260;15.2;15;15.15;-0.38;-2.44%;32;345;22.20%;TRUE;put;20/02/2026;138;1.007673824;0.056990856;
AAPL260220P00265000;10/03/2025 15:20;265;17.65;17.5;17.65;-0.55;-3.02%;17;93;21.59%;TRUE;put;20/02/2026;138;1.027052166;0.002916043;
AAPL260220P00270000;10/03/2025 13:51;270;20.8;20.25;20.45;0.13;0.63%;25;530;21.00%;TRUE;put;20/02/2026;138;1.046430509;-0.053121218;
AAPL260220P00275000;10/03/2025 15:09;275;23.44;23.3;23.95;-0.32;-1.35%;7;254;21.12%;TRUE;put;20/02/2026;138;1.065808852;-0.105960051;
AAPL260220P00280000;10/02/2025 14:53;280;27.12;26.55;27.05;0;0.00%;8;34;20.06%;TRUE;put;20/02/2026;138;1.085187195;-0.169316212;
AAPL260220P00285000;10/02/2025 14:52;285;30.73;30.15;30.9;0;0.00%;18;25;19.90%;TRUE;put;20/02/2026;138;1.104565538;-0.22573756;
AAPL260220P00290000;10/03/2025 11:09;290;34.34;34.1;34.8;-0.37;-1.07%;2;37;19.34%;TRUE;put;20/02/2026;138;1.12394388;-0.288885652;
AAPL260220P00295000;10/02/2025 15:38;295;38.94;38.35;38.95;0;0.00%;2;13;18.84%;TRUE;put;20/02/2026;138;1.143322223;-0.353518264;
AAPL260220P00300000;10/03/2025 14:10;300;43.65;42.7;43.2;0.39;0.90%;10;66;17.95%;TRUE;put;20/02/2026;138;1.162700566;-0.430736022;
AAPL260220P00310000;9/26/2025 2:43 PM;310;53.7;51.35;52.55;0;0.00%;2;1;17.64%;TRUE;put;20/02/2026;138;1.201457251;-0.553322423;
AAPL260320C00090000;09/08/2025 09:30;90;151.4;168.2;170.75;0;0.00%;3;134;89.18%;TRUE;call;20/03/2026;166;0.34881017;0.950405659;
AAPL260320C00095000;07/11/2025 11:30;95;118.29;160.8;163.9;0;0.00%;7;8;77.59%;TRUE;call;20/03/2026;166;0.368188513;1.007175735;
AAPL260320C00100000;9/22/2025 11:27 AM;100;157.86;158.85;161;0;0.00%;5;48;85.42%;TRUE;call;20/03/2026;166;0.387566855;0.897273593;
AAPL260320C00105000;08/11/2025 12:03;105;126;151.05;153.8;0;0.00%;2;32;68.99%;TRUE;call;20/03/2026;166;0.406945198;1.006872204;
AAPL260320C00110000;9/22/2025 11:27 AM;110;148.14;149;150.75;0;0.00%;5;20;77.25%;TRUE;call;20/03/2026;166;0.426323541;0.882581791;
AAPL260320C00115000;08/11/2025 13:29;115;116.06;141.3;144.05;0;0.00%;1;189;65.72%;TRUE;call;20/03/2026;166;0.445701884;0.953342015;
AAPL260320C00120000;9/24/2025 10:32 AM;120;135.06;138.95;141.45;0;0.00%;2;101;72.68%;TRUE;call;20/03/2026;166;0.465080226;0.84288402;
AAPL260320C00125000;9/29/2025 12:05 PM;125;131.3;134.85;136.3;0;0.00%;2;130;71.81%;TRUE;call;20/03/2026;166;0.484458569;0.812074806;
AAPL260320C00130000;9/19/2025 1:05 PM;130;130.9;129.2;131.7;12.97;11.00%;5;225;67.68%;TRUE;call;20/03/2026;166;0.503836912;0.809495262;
AAPL260320C00135000;10/01/2025 09:57;135;124.13;124.25;126.5;0;0.00%;32;360;64.01%;TRUE;call;20/03/2026;166;0.523215255;0.80456685;
AAPL260320C00140000;10/01/2025 09:59;140;119.44;120.45;122.15;0;0.00%;86;337;66.03%;TRUE;call;20/03/2026;166;0.542593597;0.74891167;
AAPL260320C00145000;10/01/2025 10:05;145;114.55;115.6;117.25;0;0.00%;18;216;63.48%;TRUE;call;20/03/2026;166;0.56197194;0.733738041;
AAPL260320C00150000;10/01/2025 12:12;150;110;109.7;111.8;0;0.00%;28;668;57.10%;TRUE;call;20/03/2026;166;0.581350283;0.755019877;
AAPL260320C00155000;9/30/2025 10:46 AM;155;103.75;105.95;107.3;0;0.00%;1;218;58.29%;TRUE;call;20/03/2026;166;0.600728626;0.705283392;
AAPL260320C00160000;9/29/2025 3:50 PM;160;101.85;100.95;101.85;3.5;3.56%;1;381;54.39%;TRUE;call;20/03/2026;166;0.620106968;0.704099307;
AAPL260320C00165000;10/02/2025 12:23;165;96.45;95.55;97.85;0;0.00%;4;248;52.80%;TRUE;call;20/03/2026;166;0.639485311;0.681049683;
AAPL260320C00170000;10/01/2025 15:39;170;89.6;91.5;93.05;0;0.00%;2;806;52.15%;TRUE;call;20/03/2026;166;0.658863654;0.64892813;
AAPL260320C00175000;10/03/2025 12:36;175;87.52;86.25;88.45;2.12;2.48%;2;451;53.24%;TRUE;call;20/03/2026;166;0.678241997;0.602234071;
AAPL260320C00180000;10/03/2025 12:48;180;83.1;81.75;83.55;3.6;4.53%;36;728;50.65%;TRUE;call;20/03/2026;166;0.69762034;0.587374396;
AAPL260320C00185000;10/03/2025 12:31;185;78.66;77.45;78;1.04;1.34%;1;597;46.17%;TRUE;call;20/03/2026;166;0.716998682;0.58994103;
AAPL260320C00190000;10/03/2025 10:03;190;73.14;72.75;73.6;0.21;0.29%;2;608;45.15%;TRUE;call;20/03/2026;166;0.736377025;0.560272326;
AAPL260320C00195000;10/03/2025 13:53;195;67.97;68.1;68.95;-0.38;-0.56%;5;1,788;43.34%;TRUE;call;20/03/2026;166;0.755755368;0.537585255;
AAPL260320C00200000;10/03/2025 14:17;200;63.81;63.8;64.35;0.11;0.17%;24;6,008;41.61%;TRUE;call;20/03/2026;166;0.775133711;0.513487062;
AAPL260320C00210000;10/03/2025 15:09;210;55.2;55.05;55.5;0.45;0.82%;53;4,782;38.73%;TRUE;call;20/03/2026;166;0.813890396;0.45755443;
AAPL260320C00220000;10/03/2025 15:31;220;46.65;46.55;46.9;0.17;0.37%;148;5,705;35.93%;TRUE;call;20/03/2026;166;0.852647082;0.396975098;
AAPL260320C00230000;10/03/2025 15:46;230;38.78;38.55;38.85;0.38;0.99%;516;7,670;33.61%;TRUE;call;20/03/2026;166;0.891403767;0.327825353;
AAPL260320C00240000;10/03/2025 15:36;240;31.2;31.1;31.45;-0.1;-0.32%;53;11,808;31.67%;TRUE;call;20/03/2026;166;0.930160453;0.25114982;
AAPL260320C00250000;10/03/2025 15:52;250;24.5;24.45;24.7;0;0.00%;500;12,167;29.87%;TRUE;call;20/03/2026;166;0.968917138;0.168434796;
AAPL260320C00260000;10/03/2025 15:59;260;18.65;18.6;18.8;-0.11;-0.59%;254;8,788;28.33%;FALSE;call;20/03/2026;166;1.007673824;0.07937875;
AAPL260320C00270000;10/03/2025 14:39;270;13.82;13.75;13.9;-0.25;-1.78%;219;8,955;27.13%;FALSE;call;20/03/2026;166;1.046430509;-0.014681853;
AAPL260320C00280000;10/03/2025 15:22;280;9.85;9.85;10;-0.17;-1.70%;1,311;23,443;26.22%;FALSE;call;20/03/2026;166;1.085187195;-0.111565713;
AAPL260320C00290000;10/03/2025 15:54;290;6.78;6.9;7;-0.23;-3.28%;108;5,250;25.51%;FALSE;call;20/03/2026;166;1.12394388;-0.209642709;
AAPL260320C00300000;10/03/2025 15:59;300;4.75;4.7;4.85;-0.1;-2.06%;801;9,304;25.12%;FALSE;call;20/03/2026;166;1.162700566;-0.305113063;
AAPL260320C00310000;10/03/2025 13:30;310;3.3;3.2;3.3;-0.05;-1.49%;29;2,168;24.83%;FALSE;call;20/03/2026;166;1.201457251;-0.398624909;
AAPL260320C00320000;10/03/2025 15:59;320;2.2;2.17;2.23;-0.07;-3.08%;1,040;6,554;24.68%;FALSE;call;20/03/2026;166;1.240213937;-0.488259289;
AAPL260320C00330000;10/03/2025 13:51;330;1.47;1.47;1.52;-0.11;-6.96%;136;1,200;24.71%;FALSE;call;20/03/2026;166;1.278970622;-0.571553086;
AAPL260320C00340000;10/03/2025 09:41;340;1.01;0.99;1.04;-0.07;-6.48%;4;1,186;24.82%;FALSE;call;20/03/2026;166;1.317727308;-0.649793745;
AAPL260320C00350000;10/03/2025 14:40;350;0.69;0.67;0.71;-0.07;-9.21%;9;1,930;24.95%;FALSE;call;20/03/2026;166;1.356483993;-0.724359053;
AAPL260320C00360000;10/03/2025 10:46;360;0.51;0.45;0.5;-0.02;-3.77%;4;1,528;25.22%;FALSE;call;20/03/2026;166;1.395240679;-0.791106984;
AAPL260320C00370000;10/03/2025 14:22;370;0.32;0.31;0.35;-0.05;-13.51%;13;2,758;25.46%;FALSE;call;20/03/2026;166;1.433997365;-0.8554888;
AAPL260320P00090000;10/01/2025 14:14;90;0.07;0.06;0.08;0;0.00%;3;647;58.40%;FALSE;put;20/03/2026;166;0.34881017;1.332031037;
AAPL260320P00095000;10/01/2025 09:52;95;0.11;0.05;0.1;0;0.00%;10;263;55.96%;FALSE;put;20/03/2026;166;0.368188513;1.317306927;
AAPL260320P00100000;10/03/2025 13:35;100;0.09;0.07;0.14;-0.03;-25.00%;1;578;55.18%;FALSE;put;20/03/2026;166;0.387566855;1.270831072;
AAPL260320P00105000;9/22/2025 12:32 PM;105;0.11;0.1;0.13;0;0.00%;1;593;53.03%;FALSE;put;20/03/2026;166;0.406945198;1.253580189;
AAPL260320P00110000;9/23/2025 2:38 PM;110;0.13;0.11;0.15;0;0.00%;1;519;51.17%;FALSE;put;20/03/2026;166;0.426323541;1.232028891;
AAPL260320P00115000;10/03/2025 12:22;115;0.14;0.13;0.17;-0.04;-22.22%;23;506;50.29%;FALSE;put;20/03/2026;166;0.445701884;1.191256257;
AAPL260320P00120000;10/03/2025 15:40;120;0.17;0.16;0.2;-0.04;-19.05%;2;567;48.83%;FALSE;put;20/03/2026;166;0.465080226;1.163551512;
AAPL260320P00125000;10/02/2025 15:41;125;0.23;0.2;0.23;0;0.00%;6;1,067;47.27%;FALSE;put;20/03/2026;166;0.484458569;1.138848467;
AAPL260320P00130000;10/03/2025 14:52;130;0.26;0.24;0.27;0;0.00%;5;263;45.95%;FALSE;put;20/03/2026;166;0.503836912;1.109895668;
AAPL260320P00135000;10/03/2025 15:40;135;0.3;0.25;0.32;0.01;3.45%;6;751;44.68%;FALSE;put;20/03/2026;166;0.523215255;1.080529819;
AAPL260320P00140000;10/03/2025 15:39;140;0.34;0.33;0.37;0.01;3.03%;14;1,642;43.31%;FALSE;put;20/03/2026;166;0.542593597;1.053813334;
AAPL260320P00145000;10/01/2025 09:30;145;0.42;0.4;0.43;-0.04;-8.70%;1;918;42.02%;FALSE;put;20/03/2026;166;0.56197194;1.025829855;
AAPL260320P00150000;10/02/2025 15:26;150;0.52;0.47;0.51;0;0.00%;1,090;2,930;40.92%;FALSE;put;20/03/2026;166;0.581350283;0.994115844;
AAPL260320P00155000;10/02/2025 15:30;155;0.6;0.56;0.59;0;0.00%;2;3,196;39.67%;FALSE;put;20/03/2026;166;0.600728626;0.965804528;
AAPL260320P00160000;10/02/2025 14:25;160;0.69;0.66;0.7;0;0.00%;120;5,746;38.62%;FALSE;put;20/03/2026;166;0.620106968;0.933359619;
AAPL260320P00165000;10/03/2025 10:17;165;0.79;0.78;0.81;0.02;2.60%;153;4,173;37.45%;FALSE;put;20/03/2026;166;0.639485311;0.903463135;
AAPL260320P00170000;10/03/2025 15:52;170;0.94;0.92;0.96;-0.03;-3.09%;111;11,043;36.48%;FALSE;put;20/03/2026;166;0.658863654;0.869284953;
AAPL260320P00175000;10/03/2025 14:02;175;1.13;1.08;1.12;-0.01;-0.88%;3;6,878;35.41%;FALSE;put;20/03/2026;166;0.678241997;0.837015153;
AAPL260320P00180000;10/03/2025 14:02;180;1.33;1.27;1.32;0.03;2.31%;109;6,620;34.45%;FALSE;put;20/03/2026;166;0.69762034;0.802208731;
AAPL260320P00185000;10/03/2025 15:04;185;1.49;1.5;1.54;-0.09;-5.70%;72;3,468;33.44%;FALSE;put;20/03/2026;166;0.716998682;0.768039018;
AAPL260320P00190000;10/03/2025 13:57;190;1.81;1.77;1.82;-0.05;-2.69%;7;7,920;32.56%;FALSE;put;20/03/2026;166;0.736377025;0.730826977;
AAPL260320P00195000;10/02/2025 14:08;195;2.06;2.09;2.14;-0.12;-5.50%;1;7,371;31.65%;FALSE;put;20/03/2026;166;0.755755368;0.693662184;
AAPL260320P00200000;10/03/2025 14:40;200;2.48;2.47;2.52;-0.06;-2.36%;283;7,531;30.79%;FALSE;put;20/03/2026;166;0.775133711;0.654910755;
AAPL260320P00210000;10/03/2025 15:37;210;3.48;3.4;3.5;-0.12;-3.33%;242;12,695;29.15%;FALSE;put;20/03/2026;166;0.813890396;0.573711711;
AAPL260320P00220000;10/03/2025 14:39;220;4.75;4.75;4.85;-0.25;-5.00%;262;14,491;27.62%;FALSE;put;20/03/2026;166;0.852647082;0.487086918;
AAPL260320P00230000;10/03/2025 14:24;230;6.65;6.55;6.7;-0.26;-3.76%;899;7,429;26.19%;FALSE;put;20/03/2026;166;0.891403767;0.394718128;
AAPL260320P00240000;10/03/2025 14:38;240;9.05;9;9.15;-0.4;-4.23%;117;6,101;24.80%;FALSE;put;20/03/2026;166;0.930160453;0.296730488;
AAPL260320P00250000;10/03/2025 15:25;250;12.35;12.2;12.35;-0.4;-3.14%;233;10,759;23.44%;FALSE;put;20/03/2026;166;0.968917138;0.192211378;
AAPL260320P00260000;10/03/2025 14:28;260;16.15;16.3;16.5;-0.65;-3.87%;143;2,549;22.19%;TRUE;put;20/03/2026;166;1.007673824;0.079904914;
AAPL260320P00270000;10/03/2025 14:03;270;22.05;21.5;21.65;0;0.00%;20;199;20.95%;TRUE;put;20/03/2026;166;1.046430509;-0.040762609;
AAPL260320P00280000;10/03/2025 15:04;280;27.62;27.4;28.05;-0.71;-2.51%;6;157;20.00%;TRUE;put;20/03/2026;166;1.085187195;-0.168304399;
AAPL260320P00290000;10/03/2025 15:09;290;35.14;34.6;35.3;-0.45;-1.26%;6;15;18.72%;TRUE;put;20/03/2026;166;1.12394388;-0.310280909;
AAPL260320P00300000;10/03/2025 14:17;300;43.74;42.95;43.55;-0.01;-0.02%;8;26;17.49%;TRUE;put;20/03/2026;166;1.162700566;-0.466716703;
AAPL260320P00310000;9/26/2025 12:07 PM;310;55.19;51.9;52.85;0;0.00%;2;3;17.55%;TRUE;put;20/03/2026;166;1.201457251;-0.590930007;
AAPL260320P00320000;2/14/2025 2:56 PM;320;75.45;105.2;107.2;0;0.00%;0;0;92.83%;TRUE;put;20/03/2026;166;1.240213937;0.002482745;
AAPL260320P00350000;5/13/2025 10:39 AM;350;138.33;152.45;154.85;0;0.00%;1;0;128.06%;TRUE;put;20/03/2026;166;1.356483993;0.047798742;
AAPL260320P00360000;3/19/2025 10:18 AM;360;141.67;161.45;164.6;0;0.00%;0;0;130.21%;TRUE;put;20/03/2026;166;1.395240679;0.038959084;
AAPL260320P00370000;05/07/2025 09:30;370;171.09;0;0;0;0.00%;1;0;0.00%;TRUE;put;20/03/2026;166;1.433997365;-22775.73166;
AAPL260417C00120000;9/18/2025 2:11 PM;120;120.62;139.65;141.6;0;0.00%;0;1;70.00%;TRUE;call;17/04/2026;194;0.465080226;0.960600762;
AAPL260417C00125000;9/24/2025 10:28 AM;125;130.76;134.75;136.8;0;0.00%;1;6;67.63%;TRUE;call;17/04/2026;194;0.484458569;0.940913627;
AAPL260417C00140000;10/01/2025 09:57;140;119.75;120.3;122.25;0;0.00%;3;22;60.99%;TRUE;call;17/04/2026;194;0.542593597;0.880753989;
AAPL260417C00150000;9/29/2025 11:23 AM;150;107.5;110.7;112.55;0;0.00%;1;2;56.74%;TRUE;call;17/04/2026;194;0.581350283;0.840992297;
AAPL260417C00155000;9/15/2025 9:30 AM;155;87;105.95;107.85;0;0.00%;10;14;55.03%;TRUE;call;17/04/2026;194;0.600728626;0.816956085;
AAPL260417C00160000;9/22/2025 3:37 PM;160;100.28;101.55;102.9;0;0.00%;10;0;53.47%;TRUE;call;17/04/2026;194;0.620106968;0.791370012;
AAPL260417C00165000;9/18/2025 2:35 PM;165;78.1;96.6;98.3;0;0.00%;3;5;51.53%;TRUE;call;17/04/2026;194;0.639485311;0.76996923;
AAPL260417C00170000;9/18/2025 2:36 PM;170;73.53;92.05;93.5;0;0.00%;5;8;52.16%;TRUE;call;17/04/2026;194;0.658863654;0.721371046;
AAPL260417C00175000;9/29/2025 11:34 AM;175;83.77;87.4;88.65;0;0.00%;1;3;49.85%;TRUE;call;17/04/2026;194;0.678241997;0.703246759;
AAPL260417C00180000;9/29/2025 10:47 AM;180;79.84;82.6;84.05;0;0.00%;1;9;48.25%;TRUE;call;17/04/2026;194;0.69762034;0.677699109;
AAPL260417C00185000;9/26/2025 10:39 AM;185;76.25;78.3;79.4;0;0.00%;2;9;46.47%;TRUE;call;17/04/2026;194;0.716998682;0.653643876;
AAPL260417C00190000;9/23/2025 11:14 AM;190;72.45;73.8;74.5;0;0.00%;1;25;44.06%;TRUE;call;17/04/2026;194;0.736377025;0.635676204;
AAPL260417C00195000;10/01/2025 13:06;195;69.6;69.25;69.95;1.19;1.74%;1;16;42.49%;TRUE;call;17/04/2026;194;0.755755368;0.608399983;
AAPL260417C00200000;10/03/2025 12:10;200;65.7;64.85;65.4;0.32;0.49%;10;257;40.86%;TRUE;call;17/04/2026;194;0.775133711;0.581055535;
AAPL260417C00205000;10/03/2025 11:18;205;61.2;60.45;61;3.33;5.75%;6;53;39.48%;TRUE;call;17/04/2026;194;0.794512053;0.550327929;
AAPL260417C00210000;10/03/2025 14:57;210;56.84;56.25;56.6;0.71;1.26%;4;87;38.03%;TRUE;call;17/04/2026;194;0.813890396;0.519389986;
AAPL260417C00215000;10/03/2025 12:34;215;52.72;52.05;52.4;0.6;1.15%;4;95;36.85%;TRUE;call;17/04/2026;194;0.833268739;0.484823896;
AAPL260417C00220000;10/02/2025 14:39;220;48.4;47.9;48.25;0;0.00%;5;178;35.65%;TRUE;call;17/04/2026;194;0.852647082;0.449402311;
AAPL260417C00225000;10/03/2025 14:18;225;43.98;43.75;44.25;-0.06;-0.14%;12;688;34.56%;TRUE;call;17/04/2026;194;0.872025424;0.411880241;
AAPL260417C00230000;10/03/2025 11:42;230;41.34;40.05;40.35;1.29;3.22%;6;333;33.50%;TRUE;call;17/04/2026;194;0.891403767;0.372909818;
AAPL260417C00235000;10/03/2025 11:42;235;37.41;36.35;36.65;0.91;2.49%;4;288;32.58%;TRUE;call;17/04/2026;194;0.91078211;0.331701404;
AAPL260417C00240000;10/03/2025 15:53;240;32.65;32.75;33.05;0.08;0.25%;42;884;31.64%;TRUE;call;17/04/2026;194;0.930160453;0.289349666;
AAPL260417C00245000;10/03/2025 14:40;245;29.68;29.35;29.7;-0.11;-0.37%;23;251;30.87%;TRUE;call;17/04/2026;194;0.949538795;0.244851652;
AAPL260417C00250000;10/03/2025 14:48;250;26.55;26.1;26.45;0.35;1.34%;36;558;30.04%;TRUE;call;17/04/2026;194;0.968917138;0.199327403;
AAPL260417C00255000;10/03/2025 14:39;255;23.42;23.1;23.4;0.27;1.17%;49;524;29.27%;TRUE;call;17/04/2026;194;0.988295481;0.152226066;
AAPL260417C00260000;10/03/2025 15:09;260;20.5;20.35;20.5;0.2;0.99%;127;1,326;28.48%;FALSE;call;17/04/2026;194;1.007673824;0.103639201;
AAPL260417C00265000;10/03/2025 15:54;265;17.65;17.75;17.9;-0.25;-1.40%;105;689;27.85%;FALSE;call;17/04/2026;194;1.027052166;0.053653001;
AAPL260417C00270000;10/03/2025 13:39;270;15.6;15.4;15.55;0.06;0.39%;111;1,808;27.32%;FALSE;call;17/04/2026;194;1.046430509;0.002741304;
AAPL260417C00275000;10/03/2025 15:18;275;13.4;13.3;13.45;-0.01;-0.07%;126;1,249;26.87%;FALSE;call;17/04/2026;194;1.065808852;-0.048754704;
AAPL260417C00280000;10/03/2025 14:41;280;11.65;11.4;11.55;0.22;1.92%;85;713;26.45%;FALSE;call;17/04/2026;194;1.085187195;-0.10083203;
AAPL260417C00285000;10/03/2025 14:42;285;9.9;9.7;9.85;0.05;0.51%;45;573;26.06%;FALSE;call;17/04/2026;194;1.104565538;-0.153377297;
AAPL260417C00290000;10/03/2025 15:16;290;8.34;8.2;8.35;-0.06;-0.71%;185;357;25.71%;FALSE;call;17/04/2026;194;1.12394388;-0.206145601;
AAPL260417C00295000;10/03/2025 15:41;295;7.05;6.95;7.1;-0.2;-2.76%;27;195;25.49%;FALSE;call;17/04/2026;194;1.143322223;-0.257671153;
AAPL260417C00300000;10/03/2025 15:29;300;5.86;5.85;5.95;-0.27;-4.40%;55;582;25.20%;FALSE;call;17/04/2026;194;1.162700566;-0.310388168;
AAPL260417C00305000;10/02/2025 13:18;305;5.15;4.9;5;0;0.00%;2;133;25.01%;FALSE;call;17/04/2026;194;1.182078909;-0.361666343;
AAPL260417C00310000;10/03/2025 09:30;310;4.36;4.1;4.2;0.66;17.84%;2;288;24.88%;FALSE;call;17/04/2026;194;1.201457251;-0.411706468;
AAPL260417C00315000;10/02/2025 12:13;315;3.65;3.4;3.55;0;0.00%;28;109;24.84%;FALSE;call;17/04/2026;194;1.220835594;-0.459483078;
AAPL260417C00320000;10/03/2025 12:19;320;3.05;2.87;2.94;0.1;3.39%;6;109;24.68%;FALSE;call;17/04/2026;194;1.240213937;-0.509602407;
AAPL260417C00325000;10/02/2025 15:17;325;2.52;2.39;2.46;0;0.00%;4;116;24.63%;FALSE;call;17/04/2026;194;1.25959228;-0.556721174;
AAPL260417C00330000;10/03/2025 11:04;330;2.11;2;2.06;0.02;0.96%;6;42;24.61%;FALSE;call;17/04/2026;194;1.278970622;-0.602477551;
AAPL260417C00340000;10/03/2025 10:09;340;1.48;1.39;1.45;0;0.00%;4;278;24.64%;FALSE;call;17/04/2026;194;1.317727308;-0.689952848;
AAPL260417C00350000;10/03/2025 13:22;350;1.01;0.97;1.02;-0.09;-8.18%;56;92;24.71%;FALSE;call;17/04/2026;194;1.356483993;-0.773249049;
AAPL260417C00370000;10/03/2025 09:48;370;0.54;0.48;0.52;0.01;1.89%;5;6;25.05%;FALSE;call;17/04/2026;194;1.433997365;-0.923167549;
AAPL260417P00120000;10/01/2025 10:12;120;0.24;0.22;0.28;0;0.00%;1;91;47.27%;FALSE;put;17/04/2026;194;0.465080226;1.313247623;
AAPL260417P00125000;09/12/2025 10:03;125;0.43;0.26;0.3;0;0.00%;30;31;45.36%;FALSE;put;17/04/2026;194;0.484458569;1.295377768;
AAPL260417P00130000;10/02/2025 10:43;130;0.33;0.31;0.35;0;0.00%;5;406;44.09%;FALSE;put;17/04/2026;194;0.503836912;1.262846392;
AAPL260417P00135000;9/19/2025 12:42 PM;135;0.45;0.36;0.43;0;0.00%;2;53;43.19%;FALSE;put;17/04/2026;194;0.523215255;1.221933386;
AAPL260417P00140000;9/29/2025 10:17 AM;140;0.48;0.43;0.49;0;0.00%;1;66;41.85%;FALSE;put;17/04/2026;194;0.542593597;1.192429652;
AAPL260417P00145000;9/22/2025 12:39 PM;145;0.54;0.51;0.57;0;0.00%;7;44;40.67%;FALSE;put;17/04/2026;194;0.56197194;1.159484532;
AAPL260417P00150000;9/29/2025 2:16 PM;150;0.7;0.6;0.65;0;0.00%;7;56;39.42%;FALSE;put;17/04/2026;194;0.581350283;1.128633218;
AAPL260417P00155000;10/01/2025 09:55;155;0.79;0.71;0.77;0;0.00%;1;86;38.45%;FALSE;put;17/04/2026;194;0.600728626;1.091128347;
AAPL260417P00160000;10/02/2025 12:33;160;0.83;0.84;0.89;0;0.00%;20;115;37.35%;FALSE;put;17/04/2026;194;0.620106968;1.056967757;
AAPL260417P00165000;10/03/2025 15:27;165;0.98;0.98;1.03;-0.04;-3.92%;4;57;36.29%;FALSE;put;17/04/2026;194;0.639485311;1.021855845;
AAPL260417P00170000;10/03/2025 09:45;170;1.2;1.15;1.21;0.01;0.84%;5;44;35.38%;FALSE;put;17/04/2026;194;0.658863654;0.983052779;
AAPL260417P00175000;10/02/2025 14:43;175;1.33;1.35;1.41;-0.09;-6.34%;10;122;34.42%;FALSE;put;17/04/2026;194;0.678241997;0.945301962;
AAPL260417P00180000;10/03/2025 10:37;180;1.62;1.58;1.64;0.03;1.89%;9;145;33.48%;FALSE;put;17/04/2026;194;0.69762034;0.906806563;
AAPL260417P00185000;10/03/2025 12:15;185;1.86;1.85;1.91;-0.05;-2.62%;41;119;32.58%;FALSE;put;17/04/2026;194;0.716998682;0.867011086;
AAPL260417P00190000;10/03/2025 09:56;190;2.13;2.17;2.23;-0.1;-4.48%;21;537;31.73%;FALSE;put;17/04/2026;194;0.736377025;0.825626068;
AAPL260417P00195000;10/02/2025 13:25;195;2.6;2.54;2.59;0.02;0.78%;1;770;30.85%;FALSE;put;17/04/2026;194;0.755755368;0.784334714;
AAPL260417P00200000;10/03/2025 14:55;200;2.96;2.9;3.05;-0.09;-2.95%;10;1,341;30.13%;FALSE;put;17/04/2026;194;0.775133711;0.738995038;
AAPL260417P00205000;10/02/2025 10:18;205;3.55;3.45;3.55;0.05;1.43%;11;770;29.32%;FALSE;put;17/04/2026;194;0.794512053;0.694831548;
AAPL260417P00210000;10/03/2025 14:25;210;4.04;4;4.1;-0.06;-1.46%;24;895;28.47%;FALSE;put;17/04/2026;194;0.813890396;0.650527243;
AAPL260417P00215000;10/03/2025 11:29;215;4.59;4.7;4.8;-0.26;-5.36%;10;316;27.78%;FALSE;put;17/04/2026;194;0.833268739;0.602227463;
AAPL260417P00220000;10/03/2025 12:43;220;5.4;5.45;5.6;-0.34;-5.92%;5;620;27.09%;FALSE;put;17/04/2026;194;0.852647082;0.552991247;
AAPL260417P00225000;10/03/2025 12:31;225;6.28;6.4;6.5;-0.42;-6.27%;2,009;2,416;26.37%;FALSE;put;17/04/2026;194;0.872025424;0.503133561;
AAPL260417P00230000;10/03/2025 09:34;230;7.62;7.4;7.55;-0.1;-1.30%;8;595;25.70%;FALSE;put;17/04/2026;194;0.891403767;0.451273449;
AAPL260417P00235000;10/03/2025 10:04;235;8.8;8.6;8.75;-0.12;-1.35%;18;410;25.05%;FALSE;put;17/04/2026;194;0.91078211;0.397842995;
AAPL260417P00240000;10/03/2025 14:46;240;9.9;9.95;10.1;-0.4;-3.88%;339;1,370;24.38%;FALSE;put;17/04/2026;194;0.930160453;0.343189721;
AAPL260417P00245000;10/03/2025 14:56;245;11.45;11.5;11.65;-0.5;-4.18%;1;84;23.76%;FALSE;put;17/04/2026;194;0.949538795;0.286445855;
AAPL260417P00250000;10/03/2025 14:46;250;13.15;13.2;13.4;-0.55;-4.01%;12;189;23.14%;FALSE;put;17/04/2026;194;0.968917138;0.228038176;
AAPL260417P00255000;10/03/2025 14:25;255;15.1;15.15;15.35;-0.53;-3.39%;50;233;22.52%;FALSE;put;17/04/2026;194;0.988295481;0.167775856;
AAPL260417P00260000;10/03/2025 15:00;260;17.3;17.35;17.55;-0.55;-3.08%;9;737;21.93%;TRUE;put;17/04/2026;194;1.007673824;0.10542158;
AAPL260417P00265000;10/03/2025 12:44;265;19.7;19.75;19.95;-1.07;-5.15%;43;10;21.31%;TRUE;put;17/04/2026;194;1.027052166;0.040887701;
AAPL260417P00270000;10/03/2025 12:44;270;22.29;22.4;22.65;-1.22;-5.19%;10;28;20.75%;TRUE;put;17/04/2026;194;1.046430509;-0.025879211;
AAPL260417P00275000;10/03/2025 15:09;275;25.44;25.35;26;-0.54;-2.08%;4;15;20.76%;TRUE;put;17/04/2026;194;1.065808852;-0.090263008;
AAPL260417P00280000;10/03/2025 15:09;280;28.85;28.25;28.95;-0.18;-0.62%;5;167;19.87%;TRUE;put;17/04/2026;194;1.085187195;-0.16393962;
AAPL260417P00285000;10/03/2025 14:37;285;32.05;31.75;32.45;-0.29;-0.90%;10;19;19.41%;TRUE;put;17/04/2026;194;1.104565538;-0.236104925;
AAPL260417P00290000;10/02/2025 09:35;290;35.98;35.25;36.1;-1.56;-4.16%;1;3;18.81%;TRUE;put;17/04/2026;194;1.12394388;-0.313401813;
AAPL260417P00300000;10/03/2025 13:25;300;43.47;43.25;44.15;-2.3;-5.03%;68;104;17.75%;TRUE;put;17/04/2026;194;1.162700566;-0.47558253;
AAPL260417P00305000;9/23/2025 9:57 AM;305;49.55;47.9;48.5;0;0.00%;0;10;17.30%;TRUE;put;17/04/2026;194;1.182078909;-0.559371517;
AAPL260515C00005000;9/29/2025 12:28 PM;5;248.9;251.75;254.25;0;0.00%;2;3;318.26%;TRUE;call;15/05/2026;222;0.019378343;1.728633417;
AAPL260515C00030000;07/07/2025 15:25;30;179.9;224.8;227.15;0;0.00%;1;1;0.00%;TRUE;call;15/05/2026;222;0.116270057;170190.2563;
AAPL260515C00060000;08/04/2025 12:03;60;146.61;195.6;197.95;0;0.00%;0;20;0.00%;TRUE;call;15/05/2026;222;0.232540113;116132.8111;
AAPL260515C00090000;9/22/2025 2:37 PM;90;167.85;168.9;171.25;0;0.00%;3;33;82.67%;TRUE;call;15/05/2026;222;0.34881017;1.218330713;
AAPL260515C00095000;09/05/2025 11:16;95;147.04;164;166.45;0;0.00%;1;1;79.96%;TRUE;call;15/05/2026;222;0.368188513;1.193815924;
AAPL260515C00100000;09/03/2025 10:10;100;138.9;159.3;161.65;0;0.00%;2;5;78.03%;TRUE;call;15/05/2026;222;0.387566855;1.162810196;
AAPL260515C00120000;9/29/2025 12:28 PM;120;140.6;140.05;142.05;3.83;2.80%;2;80;67.81%;TRUE;call;15/05/2026;222;0.465080226;1.076244854;
AAPL260515C00125000;7/22/2025 11:24 AM;125;92.9;132.6;134.85;0;0.00%;10;41;57.74%;TRUE;call;15/05/2026;222;0.484458569;1.156873517;
AAPL260515C00130000;9/29/2025 12:28 PM;130;127.15;130.2;132.1;0;0.00%;1;74;62.18%;TRUE;call;15/05/2026;222;0.503836912;1.045385156;
AAPL260515C00135000;8/22/2025 2:31 PM;135;97.7;123;125.45;0;0.00%;2;2;55.79%;TRUE;call;15/05/2026;222;0.523215255;1.080315816;
AAPL260515C00140000;9/22/2025 2:39 PM;140;119.65;120.85;122.75;0;0.00%;43;43;59.27%;TRUE;call;15/05/2026;222;0.542593597;0.985056975;
AAPL260515C00145000;9/24/2025 9:37 AM;145;112.84;115.85;118.15;0;0.00%;1;14;57.24%;TRUE;call;15/05/2026;222;0.56197194;0.962380852;
AAPL260515C00150000;10/02/2025 10:03;150;110.46;111.85;112.65;0;0.00%;1;10;55.41%;TRUE;call;15/05/2026;222;0.581350283;0.937625749;
AAPL260515C00155000;9/23/2025 12:08 PM;155;105.75;107.15;107.9;0;0.00%;1;19;53.66%;TRUE;call;15/05/2026;222;0.600728626;0.912112209;
AAPL260515C00160000;9/22/2025 3:37 PM;160;100.88;102.4;103.7;0;0.00%;10;17;52.70%;TRUE;call;15/05/2026;222;0.620106968;0.877149469;
AAPL260515C00165000;9/26/2025 9:35 AM;165;94.74;97.7;99.1;0;0.00%;3;27;51.10%;TRUE;call;15/05/2026;222;0.639485311;0.849942694;
AAPL260515C00170000;10/01/2025 15:23;170;91.82;92.45;94.1;0;0.00%;2;16;50.44%;TRUE;call;15/05/2026;222;0.658863654;0.81175612;
AAPL260515C00175000;9/22/2025 10:10 AM;175;82.55;87.85;89.7;0;0.00%;20;23;49.37%;TRUE;call;15/05/2026;222;0.678241997;0.778428704;
AAPL260515C00180000;9/29/2025 3:50 PM;180;81.15;83.7;84.95;0;0.00%;2;60;47.35%;TRUE;call;15/05/2026;222;0.69762034;0.755452307;
AAPL260515C00185000;10/03/2025 15:49;185;79.31;79.2;80;0.31;0.39%;1;54;44.88%;TRUE;call;15/05/2026;222;0.716998682;0.737379183;
AAPL260515C00190000;10/02/2025 10:08;190;73.15;74.7;75.5;0;0.00%;2;57;43.45%;TRUE;call;15/05/2026;222;0.736377025;0.706886377;
AAPL260515C00195000;10/02/2025 15:35;195;70.75;70.25;71;0;0.00%;10;181;41.96%;TRUE;call;15/05/2026;222;0.755755368;0.676516316;
AAPL260515C00200000;10/03/2025 12:35;200;66.91;65.85;66.55;0.73;1.10%;7;304;40.52%;TRUE;call;15/05/2026;222;0.775133711;0.644878182;
AAPL260515C00210000;10/03/2025 11:18;210;58.2;57.5;57.95;0.32;0.55%;20;1,174;37.99%;TRUE;call;15/05/2026;222;0.813890396;0.575266186;
AAPL260515C00220000;10/03/2025 15:08;220;49.7;49.45;49.8;-0.19;-0.38%;22;875;35.83%;TRUE;call;15/05/2026;222;0.852647082;0.498136661;
AAPL260515C00230000;10/03/2025 14:25;230;42.15;41.75;42.1;0.42;1.01%;25;754;33.89%;TRUE;call;15/05/2026;222;0.891403767;0.414895236;
AAPL260515C00240000;10/03/2025 15:08;240;34.75;34.65;34.95;-0.35;-1.00%;37;1,006;32.17%;TRUE;call;15/05/2026;222;0.930160453;0.325528249;
AAPL260515C00250000;10/03/2025 15:08;250;28.15;28.1;28.45;0.05;0.18%;143;1,179;30.66%;TRUE;call;15/05/2026;222;0.968917138;0.230387416;
AAPL260515C00260000;10/03/2025 15:57;260;22.35;22.35;22.5;-0.05;-0.22%;97;1,975;29.12%;FALSE;call;15/05/2026;222;1.007673824;0.130036692;
AAPL260515C00270000;10/03/2025 15:25;270;17.39;17.35;17.55;-0.06;-0.34%;110;2,263;28.05%;FALSE;call;15/05/2026;222;1.046430509;0.024897644;
AAPL260515C00280000;10/03/2025 15:51;280;13.2;13.2;13.35;-0.05;-0.38%;36;1,058;27.08%;FALSE;call;15/05/2026;222;1.085187195;-0.083626338;
AAPL260515C00290000;10/03/2025 13:05;290;10.04;9.9;10.05;-0.04;-0.40%;8;786;26.43%;FALSE;call;15/05/2026;222;1.12394388;-0.192345937;
AAPL260515C00300000;10/03/2025 15:51;300;7.3;7.3;7.45;-0.3;-3.95%;22;1,729;25.92%;FALSE;call;15/05/2026;222;1.162700566;-0.300572772;
AAPL260515C00310000;10/03/2025 15:15;310;5.4;5.3;5.45;-0.09;-1.64%;120;340;25.53%;FALSE;call;15/05/2026;222;1.201457251;-0.407189853;
AAPL260515C00320000;10/02/2025 10:16;320;4.15;3.85;3.95;0.55;15.28%;1;545;25.24%;FALSE;call;15/05/2026;222;1.240213937;-0.511347223;
AAPL260515C00330000;10/03/2025 11:35;330;3.07;2.81;2.88;0.16;5.50%;40;240;25.14%;FALSE;call;15/05/2026;222;1.278970622;-0.609311365;
AAPL260515C00340000;10/02/2025 15:48;340;2.2;2.04;2.09;0.07;3.29%;1;73;25.09%;FALSE;call;15/05/2026;222;1.317727308;-0.703552623;
AAPL260515C00350000;10/02/2025 15:48;350;1.56;1.48;1.53;0;0.00%;18;402;25.13%;FALSE;call;15/05/2026;222;1.356483993;-0.792199525;
AAPL260515C00360000;10/02/2025 12:35;360;1.15;1.07;1.13;0;0.00%;5;93;25.24%;FALSE;call;15/05/2026;222;1.395240679;-0.875267489;
AAPL260515C00370000;10/03/2025 10:48;370;0.84;0.78;0.83;-0.03;-3.45%;1;58;25.35%;FALSE;call;15/05/2026;222;1.433997365;-0.955237673;
AAPL260515C00380000;10/03/2025 15:43;380;0.6;0.57;0.62;-0.02;-3.23%;206;960;25.53%;FALSE;call;15/05/2026;222;1.47275405;-1.029114509;
AAPL260515C00390000;10/03/2025 11:24;390;0.49;0.41;0.47;0.06;13.95%;7;83;25.76%;FALSE;call;15/05/2026;222;1.511510736;-1.097477971;
AAPL260515C00400000;10/03/2025 14:33;400;0.34;0.3;0.35;0.03;9.68%;19;1,573;25.90%;FALSE;call;15/05/2026;222;1.550267421;-1.167116011;
AAPL260515P00005000;09/02/2025 12:41;5;0.01;0;0.03;0;0.00%;10;3,062;168.75%;FALSE;put;15/05/2026;222;0.019378343;2.23681906;
AAPL260515P00010000;10/03/2025 13:25;10;0.01;0;0.34;0;0.00%;1;1,046;175.39%;FALSE;put;15/05/2026;222;0.038756686;1.874825913;
AAPL260515P00015000;09/09/2025 09:57;15;0.01;0;0.23;0;0.00%;0;2;144.34%;FALSE;put;15/05/2026;222;0.058135028;1.895930578;
AAPL260515P00035000;10/03/2025 13:13;35;0.02;0;0.23;0.01;100.00%;1;37;99.80%;FALSE;put;15/05/2026;222;0.135648399;1.821534985;
AAPL260515P00045000;10/03/2025 13:24;45;0.01;0;0.04;-0.01;-50.00%;1;46;73.44%;FALSE;put;15/05/2026;222;0.174405085;2.060982899;
AAPL260515P00050000;9/17/2025 3:52 PM;50;0.03;0.02;0.24;0;0.00%;1;5;83.01%;FALSE;put;15/05/2026;222;0.193783428;1.767172628;
AAPL260515P00060000;9/17/2025 11:54 AM;60;0.04;0;0.24;0;0.00%;100;106;73.34%;FALSE;put;15/05/2026;222;0.232540113;1.757406715;
AAPL260515P00070000;09/04/2025 11:23;70;0.05;0.03;0.15;0;0.00%;1;18;63.67%;FALSE;put;15/05/2026;222;0.271296799;1.786146238;
AAPL260515P00080000;8/21/2025 11:26 AM;80;0.12;0.06;0.12;0;0.00%;1;5;57.42%;FALSE;put;15/05/2026;222;0.310053484;1.767939479;
AAPL260515P00085000;9/17/2025 11:51 AM;85;0.11;0.07;0.13;0;0.00%;20;22;55.27%;FALSE;put;15/05/2026;222;0.329431827;1.740771843;
AAPL260515P00090000;09/12/2025 10:18;90;0.15;0.09;0.14;0;0.00%;1;7;53.32%;FALSE;put;15/05/2026;222;0.34881017;1.711413673;
AAPL260515P00095000;08/05/2025 12:26;95;0.33;0.13;0.17;0;0.00%;1;15;52.34%;FALSE;put;15/05/2026;222;0.368188513;1.658204565;
AAPL260515P00100000;9/26/2025 2:27 PM;100;0.19;0.15;0.18;0;0.00%;5;91;50.39%;FALSE;put;15/05/2026;222;0.387566855;1.633559283;
AAPL260515P00105000;9/15/2025 9:43 AM;105;0.27;0.17;0.24;0;0.00%;10;35;50.24%;FALSE;put;15/05/2026;222;0.406945198;1.561987584;
AAPL260515P00110000;09/12/2025 10:02;110;0.34;0.21;0.25;0;0.00%;10;19;48.05%;FALSE;put;15/05/2026;222;0.426323541;1.547049278;
AAPL260515P00115000;9/17/2025 1:51 PM;115;0.35;0.25;0.29;0;0.00%;2;25;46.68%;FALSE;put;15/05/2026;222;0.445701884;1.511594362;
AAPL260515P00120000;9/16/2025 9:44 AM;120;0.45;0.3;0.34;0;0.00%;1;84;45.41%;FALSE;put;15/05/2026;222;0.465080226;1.474668979;
AAPL260515P00125000;10/03/2025 10:13;125;0.36;0.35;0.41;0.02;5.88%;7;35;44.39%;FALSE;put;15/05/2026;222;0.484458569;1.431941325;
AAPL260515P00130000;9/29/2025 10:13 AM;130;0.46;0.4;0.46;0;0.00%;1;663;42.94%;FALSE;put;15/05/2026;222;0.503836912;1.402068289;
AAPL260515P00135000;09/08/2025 15:41;135;0.78;0.49;0.53;0;0.00%;25;84;41.72%;FALSE;put;15/05/2026;222;0.523215255;1.366648421;
AAPL260515P00140000;10/02/2025 09:31;140;0.6;0.57;0.62;0;0.00%;1;71;40.65%;FALSE;put;15/05/2026;222;0.542593597;1.32770773;
AAPL260515P00145000;9/29/2025 2:44 PM;145;0.74;0.67;0.72;0;0.00%;2;204;39.58%;FALSE;put;15/05/2026;222;0.56197194;1.289313668;
AAPL260515P00150000;10/01/2025 15:37;150;0.83;0.79;0.84;0;0.00%;7;405;38.56%;FALSE;put;15/05/2026;222;0.581350283;1.249950989;
AAPL260515P00155000;10/03/2025 10:11;155;0.96;0.93;0.97;-0.02;-2.04%;2;350;37.53%;FALSE;put;15/05/2026;222;0.600728626;1.211165501;
AAPL260515P00160000;10/03/2025 10:30;160;1.13;1.09;1.13;-0.05;-4.24%;4;330;36.59%;FALSE;put;15/05/2026;222;0.620106968;1.170095772;
AAPL260515P00165000;10/02/2025 12:27;165;1.26;1.26;1.32;0;0.00%;1;406;35.69%;FALSE;put;15/05/2026;222;0.639485311;1.128039379;
AAPL260515P00170000;10/03/2025 10:30;170;1.49;1.47;1.53;-0.02;-1.32%;2;663;34.78%;FALSE;put;15/05/2026;222;0.658863654;1.086241692;
AAPL260515P00175000;10/03/2025 09:45;175;1.77;1.73;1.78;-0.01;-0.56%;2;480;33.93%;FALSE;put;15/05/2026;222;0.678241997;1.042744413;
AAPL260515P00180000;10/03/2025 10:30;180;2.05;2.01;2.06;-0.14;-6.39%;3;593;33.07%;FALSE;put;15/05/2026;222;0.69762034;0.999295373;
AAPL260515P00185000;10/03/2025 10:30;185;2.4;2.33;2.39;-0.08;-3.23%;5;212;32.25%;FALSE;put;15/05/2026;222;0.716998682;0.954508603;
AAPL260515P00190000;10/01/2025 09:50;190;2.88;2.71;2.77;0;0.00%;2;948;31.46%;FALSE;put;15/05/2026;222;0.736377025;0.908574716;
AAPL260515P00195000;10/03/2025 14:56;195;3.15;3.1;3.25;-0.08;-2.48%;1;625;30.81%;FALSE;put;15/05/2026;222;0.755755368;0.858877784;
AAPL260515P00200000;10/03/2025 14:56;200;3.65;3.65;3.75;-0.15;-3.95%;52;970;30.04%;FALSE;put;15/05/2026;222;0.775133711;0.811466306;
AAPL260515P00210000;10/02/2025 13:56;210;4.81;4.85;5;-0.21;-4.18%;1;1,497;28.59%;FALSE;put;15/05/2026;222;0.813890396;0.712481497;
AAPL260515P00220000;10/03/2025 12:08;220;6.42;6.5;6.6;-0.38;-5.59%;8;423;27.16%;FALSE;put;15/05/2026;222;0.852647082;0.609456636;
AAPL260515P00230000;10/03/2025 15:40;230;8.7;8.6;8.75;-0.3;-3.33%;207;1,108;25.93%;FALSE;put;15/05/2026;222;0.891403767;0.498702319;
AAPL260515P00240000;10/03/2025 15:46;240;11.45;11.25;11.45;-0.25;-2.14%;15;685;24.69%;FALSE;put;15/05/2026;222;0.930160453;0.383290206;
AAPL260515P00250000;10/03/2025 15:08;250;14.75;14.6;14.8;-0.3;-1.99%;16;247;23.44%;FALSE;put;15/05/2026;222;0.968917138;0.261826827;
AAPL260515P00260000;10/03/2025 15:08;260;18.89;18.7;18.95;-0.19;-1.00%;34;372;22.25%;TRUE;put;15/05/2026;222;1.007673824;0.132567703;
AAPL260515P00270000;10/03/2025 15:08;270;23.76;23.7;23.95;-0.54;-2.22%;10;125;21.06%;TRUE;put;15/05/2026;222;1.046430509;-0.005497588;
AAPL260515P00280000;10/03/2025 15:03;280;29.86;29.65;30.3;-0.39;-1.29%;12;98;20.45%;TRUE;put;15/05/2026;222;1.085187195;-0.147283574;
AAPL260515P00290000;9/29/2025 1:50 PM;290;40.33;36.45;37.05;0;0.00%;2;16;19.15%;TRUE;put;15/05/2026;222;1.12394388;-0.306559132;
AAPL260515P00300000;9/29/2025 1:55 PM;300;48.39;44.15;44.85;0;0.00%;4;21;18.10%;TRUE;put;15/05/2026;222;1.162700566;-0.4755323;
AAPL260515P00310000;9/23/2025 1:40 PM;310;56.05;52.45;53.4;0;0.00%;0;45;17.01%;TRUE;put;15/05/2026;222;1.201457251;-0.661666347;
AAPL260515P00400000;10/02/2025 15:47;400;142.76;141.35;142.6;0;0.00%;0;1;28.39%;TRUE;put;15/05/2026;222;1.550267421;-1.053462304;
AAPL260618C00005000;10/02/2025 13:32;5;252.65;251.5;254.5;0;0.00%;1;150;311.91%;TRUE;call;18/06/2026;256;0.019378343;1.984323326;
AAPL260618C00010000;04/08/2025 15:37;10;160.95;187.15;189.95;0;0.00%;1;0;0.00%;TRUE;call;18/06/2026;256;0.038756686;275155.2046;
AAPL260618C00015000;07/07/2025 13:42;15;195.15;239.1;242.15;0;0.00%;6;4;0.00%;TRUE;call;18/06/2026;256;0.058135028;241198.3826;
AAPL260618C00020000;05/09/2025 13:16;20;178.5;183.05;186.3;0;0.00%;1;7;0.00%;TRUE;call;18/06/2026;256;0.077513371;217105.634;
AAPL260618C00025000;7/30/2025 1:49 PM;25;185.35;229.1;232.4;0;0.00%;2;3,221;0.00%;TRUE;call;18/06/2026;256;0.096891714;198417.8463;
AAPL260618C00030000;09/10/2025 12:06;30;198.12;227.05;229.9;0;0.00%;1;4;119.43%;TRUE;call;18/06/2026;256;0.116270057;1.884269613;
AAPL260618C00035000;04/08/2025 10:09;35;155.34;162.9;165.65;0;0.00%;2;3;0.00%;TRUE;call;18/06/2026;256;0.135648399;170239.0275;
AAPL260618C00040000;5/23/2025 1:03 PM;40;157.25;160.25;164.05;0;0.00%;1;1;0.00%;TRUE;call;18/06/2026;256;0.155026742;159056.0634;
AAPL260618C00045000;5/27/2025 1:01 PM;45;156.53;155.75;158.8;0;0.00%;1;2;0.00%;TRUE;call;18/06/2026;256;0.174405085;149191.99;
AAPL260618C00050000;9/19/2025 10:18 AM;50;192.41;207.1;210.5;0;0.00%;1;1,549;98.54%;TRUE;call;18/06/2026;256;0.193783428;1.713871772;
AAPL260618C00055000;9/22/2025 10:35 AM;55;199.07;202.65;205.4;0;0.00%;25;227;96.90%;TRUE;call;18/06/2026;256;0.21316177;1.650790653;
AAPL260618C00060000;9/19/2025 9:48 AM;60;182.03;197.4;200.8;0;0.00%;1;271;92.70%;TRUE;call;18/06/2026;256;0.232540113;1.621746327;
AAPL260618C00065000;9/19/2025 9:48 AM;65;177.08;192.95;195.7;0;0.00%;1;100;90.80%;TRUE;call;18/06/2026;256;0.251918456;1.570578942;
AAPL260618C00070000;9/19/2025 10:15 AM;70;173.17;187.7;191.1;0;0.00%;1;540;86.99%;TRUE;call;18/06/2026;256;0.271296799;1.545152149;
AAPL260618C00075000;9/19/2025 9:49 AM;75;167.55;182.9;186.3;0;0.00%;1;396;84.77%;TRUE;call;18/06/2026;256;0.290675141;1.504246139;
AAPL260618C00080000;09/04/2025 15:50;80;161.3;178.05;181.45;0;0.00%;1;316;82.03%;TRUE;call;18/06/2026;256;0.310053484;1.472238672;
AAPL260618C00085000;08/07/2025 14:55;85;137.89;171.2;174.2;0;0.00%;29;147;72.61%;TRUE;call;18/06/2026;256;0.329431827;1.5343922;
AAPL260618C00090000;10/01/2025 13:07;90;169.2;168.7;171.8;0;0.00%;7;1,727;78.33%;TRUE;call;18/06/2026;256;0.34881017;1.393606014;
AAPL260618C00095000;10/03/2025 10:54;95;165.95;163.65;166.7;1.95;1.19%;1;300;74.11%;TRUE;call;18/06/2026;256;0.368188513;1.386369239;
AAPL260618C00100000;10/03/2025 13:51;100;160;160.05;161.9;2;1.27%;10;2,243;75.78%;TRUE;call;18/06/2026;256;0.387566855;1.308833019;
AAPL260618C00105000;09/10/2025 10:55;105;126.45;155.3;156.85;0;0.00%;5;199;72.86%;TRUE;call;18/06/2026;256;0.406945198;1.287710627;
AAPL260618C00110000;9/19/2025 12:17 PM;110;137.03;149.85;152.05;0;0.00%;1;189;68.84%;TRUE;call;18/06/2026;256;0.426323541;1.282011393;
AAPL260618C00115000;9/22/2025 11:57 AM;115;145;144.7;147.25;0;0.00%;1;231;65.81%;TRUE;call;18/06/2026;256;0.445701884;1.266261893;
AAPL260618C00120000;9/19/2025 2:16 PM;120;130;140.8;142.9;0;0.00%;4;424;66.94%;TRUE;call;18/06/2026;256;0.465080226;1.198223083;
AAPL260618C00125000;9/22/2025 1:31 PM;125;133.59;135.3;137.9;0;0.00%;4;171;62.79%;TRUE;call;18/06/2026;256;0.484458569;1.197787922;
AAPL260618C00130000;10/02/2025 11:25;130;130.64;130.5;133.3;0;0.00%;1;324;61.15%;TRUE;call;18/06/2026;256;0.503836912;1.166435238;
AAPL260618C00135000;10/02/2025 11:54;135;126.42;125.5;128.25;0;0.00%;5;568;58.22%;TRUE;call;18/06/2026;256;0.523215255;1.153205839;
AAPL260618C00140000;9/25/2025 9:51 AM;140;118.51;121.75;123.6;0;0.00%;8;416;58.43%;TRUE;call;18/06/2026;256;0.542593597;1.098167603;
AAPL260618C00145000;9/30/2025 3:36 PM;145;113.9;117.3;118.9;0;0.00%;1;223;57.10%;TRUE;call;18/06/2026;256;0.56197194;1.064375948;
AAPL260618C00150000;9/29/2025 11:28 AM;150;108.52;112.6;113.9;0;0.00%;2;876;54.87%;TRUE;call;18/06/2026;256;0.581350283;1.042525385;
AAPL260618C00155000;9/29/2025 10:41 AM;155;104.3;107.85;109.25;0;0.00%;10;517;53.13%;TRUE;call;18/06/2026;256;0.600728626;1.014594485;
AAPL260618C00160000;9/29/2025 11:55 AM;160;103.62;101.75;104.15;4.62;4.67%;3;1,092;52.20%;TRUE;call;18/06/2026;256;0.620106968;0.976223425;
AAPL260618C00165000;10/02/2025 10:46;165;97.75;98.5;100.15;0;0.00%;1;643;50.08%;TRUE;call;18/06/2026;256;0.639485311;0.953374457;
AAPL260618C00170000;10/03/2025 14:05;170;94;94;94.65;0.5;0.53%;13;2,135;48.36%;TRUE;call;18/06/2026;256;0.658863654;0.925302352;
AAPL260618C00175000;9/30/2025 3:00 PM;175;86.15;88.05;90.75;0;0.00%;1;474;48.42%;TRUE;call;18/06/2026;256;0.678241997;0.874371827;
AAPL260618C00180000;10/03/2025 15:16;180;85.2;84.9;85.55;0;0.00%;14;2,396;45.45%;TRUE;call;18/06/2026;256;0.69762034;0.861584968;
AAPL260618C00185000;10/03/2025 13:04;185;80.15;80.45;81.05;-0.3;-0.37%;7;1,048;44.04%;TRUE;call;18/06/2026;256;0.716998682;0.828652928;
AAPL260618C00190000;10/02/2025 13:33;190;76.35;75.9;76.6;0.52;0.69%;5;5,230;42.69%;TRUE;call;18/06/2026;256;0.736377025;0.794486386;
AAPL260618C00195000;10/03/2025 14:42;195;72.34;71.6;72.05;0.76;1.06%;4;2,816;41.09%;TRUE;call;18/06/2026;256;0.755755368;0.762900183;
AAPL260618C00200000;10/03/2025 15:46;200;67.5;67.35;67.75;0.34;0.51%;44;7,138;39.91%;TRUE;call;18/06/2026;256;0.775133711;0.725296365;
AAPL260618C00205000;10/03/2025 14:49;205;63.86;63.15;63.55;0.79;1.25%;19;4,038;38.83%;TRUE;call;18/06/2026;256;0.794512053;0.685781765;
AAPL260618C00210000;10/03/2025 14:48;210;59.62;59;59.35;0.31;0.52%;96;5,929;37.66%;TRUE;call;18/06/2026;256;0.813890396;0.646521162;
AAPL260618C00215000;10/03/2025 15:52;215;54.85;54.95;55.3;-0.45;-0.81%;21;4,006;36.64%;TRUE;call;18/06/2026;256;0.833268739;0.604662066;
AAPL260618C00220000;10/03/2025 14:47;220;51.65;51;51.35;1.05;2.08%;33;6,504;35.66%;TRUE;call;18/06/2026;256;0.852647082;0.561453772;
AAPL260618C00225000;10/03/2025 15:08;225;47.37;47.15;47.5;0.14;0.30%;33;3,854;34.72%;TRUE;call;18/06/2026;256;0.872025424;0.516852822;
AAPL260618C00230000;10/03/2025 15:34;230;43.61;43.45;43.8;0.15;0.35%;58;13,011;33.87%;TRUE;call;18/06/2026;256;0.891403767;0.470423958;
AAPL260618C00235000;10/03/2025 15:08;235;40.03;39.9;40.2;-0.32;-0.79%;282;6,671;33.02%;TRUE;call;18/06/2026;256;0.91078211;0.42293221;
AAPL260618C00240000;10/03/2025 15:07;240;36.74;36.45;36.75;0.17;0.46%;87;6,508;32.23%;TRUE;call;18/06/2026;256;0.930160453;0.373896938;
AAPL260618C00245000;10/03/2025 15:43;245;33.3;33.15;33.35;-0.05;-0.15%;77;2,882;31.36%;TRUE;call;18/06/2026;256;0.949538795;0.324025606;
AAPL260618C00250000;10/03/2025 15:51;250;29.98;30;30.2;-0.04;-0.13%;641;19,270;30.65%;TRUE;call;18/06/2026;256;0.968917138;0.2721127;
AAPL260618C00255000;10/03/2025 15:07;255;27.1;27.05;27.25;0.09;0.33%;84;3,255;30.01%;TRUE;call;18/06/2026;256;0.988295481;0.218855676;
AAPL260618C00260000;10/03/2025 15:59;260;24.3;24.25;24.4;0.1;0.41%;300;6,565;29.33%;FALSE;call;18/06/2026;256;1.007673824;0.16444524;
AAPL260618C00265000;10/03/2025 14:24;265;21.75;21.65;21.8;-0.02;-0.09%;55;5,241;28.78%;FALSE;call;18/06/2026;256;1.027052166;0.108899276;
AAPL260618C00270000;10/03/2025 15:54;270;19.15;19.2;19.4;-0.1;-0.52%;39;10,304;28.28%;FALSE;call;18/06/2026;256;1.046430509;0.052509159;
AAPL260618C00275000;10/03/2025 14:21;275;17.1;17;17.15;-0.05;-0.29%;57;3,890;27.77%;FALSE;call;18/06/2026;256;1.065808852;-0.004884412;
AAPL260618C00280000;10/03/2025 11:07;280;14.84;14.95;15.15;-0.26;-1.72%;51;10,951;27.38%;FALSE;call;18/06/2026;256;1.085187195;-0.062372686;
AAPL260618C00285000;10/03/2025 14:02;285;13.1;13.1;13.3;-0.34;-2.53%;69;2,984;26.98%;FALSE;call;18/06/2026;256;1.104565538;-0.120603024;
AAPL260618C00290000;10/03/2025 14:18;290;11.47;11.45;11.65;-0.07;-0.61%;162;3,410;26.65%;FALSE;call;18/06/2026;256;1.12394388;-0.178698358;
AAPL260618C00300000;10/03/2025 15:53;300;8.69;8.7;8.85;-0.06;-0.69%;351;13,637;26.09%;FALSE;call;18/06/2026;256;1.162700566;-0.294676877;
AAPL260618C00310000;10/03/2025 15:54;310;6.6;6.6;6.65;-0.01;-0.15%;1,062;5,227;25.66%;FALSE;call;18/06/2026;256;1.201457251;-0.409175284;
AAPL260618C00320000;10/03/2025 14:24;320;4.97;4.85;5;0.05;1.02%;86;4,120;25.42%;FALSE;call;18/06/2026;256;1.240213937;-0.519048702;
AAPL260618C00330000;10/03/2025 10:19;330;3.65;3.65;3.75;-0.15;-3.95%;3;2,440;25.27%;FALSE;call;18/06/2026;256;1.278970622;-0.624990237;
AAPL260618C00340000;10/03/2025 12:22;340;2.86;2.74;2.8;0.06;2.14%;74;9,194;25.17%;FALSE;call;18/06/2026;256;1.317727308;-0.72738721;
AAPL260618C00350000;10/03/2025 13:53;350;2.04;2.03;2.1;-0.07;-3.32%;45;1,991;25.15%;FALSE;call;18/06/2026;256;1.356483993;-0.824605881;
AAPL260618C00360000;10/03/2025 15:39;360;1.55;1.52;1.58;-0.07;-4.32%;18;1,749;25.19%;FALSE;call;18/06/2026;256;1.395240679;-0.916716219;
AAPL260618C00370000;10/03/2025 10:58;370;1.2;1.14;1.2;0.11;10.09%;2;361;25.29%;FALSE;call;18/06/2026;256;1.433997365;-1.003233432;
AAPL260618C00380000;10/03/2025 13:25;380;0.9;0.85;0.91;0.03;3.45%;7;572;25.39%;FALSE;call;18/06/2026;256;1.47275405;-1.086656675;
AAPL260618C00390000;10/03/2025 15:37;390;0.67;0.65;0.7;-0.03;-4.29%;58;4,997;25.56%;FALSE;call;18/06/2026;256;1.511510736;-1.163540204;
AAPL260618P00005000;10/03/2025 13:24;5;0.01;0;0.23;0;0.00%;1;4,500;194.53%;FALSE;put;18/06/2026;256;0.019378343;2.284182152;
AAPL260618P00010000;09/09/2025 09:57;10;0.01;0;0.3;0;0.00%;1;34;160.74%;FALSE;put;18/06/2026;256;0.038756686;2.18387416;
AAPL260618P00015000;09/08/2025 13:28;15;0.03;0;0.3;0;0.00%;2;81;138.67%;FALSE;put;18/06/2026;256;0.058135028;2.146621321;
AAPL260618P00020000;09/09/2025 15:14;20;0.01;0;0.3;0;0.00%;10;56;123.83%;FALSE;put;18/06/2026;256;0.077513371;2.116921902;
AAPL260618P00025000;10/03/2025 10:44;25;0.02;0;0.23;0.01;100.00%;1;5,758;108.98%;FALSE;put;18/06/2026;256;0.096891714;2.140731979;
AAPL260618P00030000;10/03/2025 13:24;30;0.01;0;0.03;-0.02;-66.67%;1;452;82.81%;FALSE;put;18/06/2026;256;0.116270057;2.45485682;
AAPL260618P00035000;09/08/2025 10:07;35;0.01;0;0.04;-0.03;-75.00%;1;1,634;78.13%;FALSE;put;18/06/2026;256;0.135648399;2.408355937;
AAPL260618P00040000;10/02/2025 14:09;40;0.03;0;0.04;0.02;200.00%;1;91;73.44%;FALSE;put;18/06/2026;256;0.155026742;2.381456196;
AAPL260618P00045000;10/03/2025 13:23;45;0.01;0;0.05;-0.03;-75.00%;1;2,481;69.92%;FALSE;put;18/06/2026;256;0.174405085;2.339073894;
AAPL260618P00050000;10/01/2025 14:16;50;0.05;0.01;0.05;0;0.00%;1;2,473;66.80%;FALSE;put;18/06/2026;256;0.193783428;2.297478569;
AAPL260618P00055000;10/02/2025 14:08;55;0.04;0;0.06;0.03;300.00%;1;1,569;62.89%;FALSE;put;18/06/2026;256;0.21316177;2.289716348;
AAPL260618P00060000;9/29/2025 11:10 AM;60;0.02;0.01;0.07;0;0.00%;1;87;60.94%;FALSE;put;18/06/2026;256;0.232540113;2.231770964;
AAPL260618P00065000;10/03/2025 15:21;65;0.03;0.03;0.08;-0.03;-50.00%;2;73;59.57%;FALSE;put;18/06/2026;256;0.251918456;2.16242909;
AAPL260618P00070000;08/08/2025 09:30;70;0.1;0.05;0.1;0;0.00%;3;74;58.20%;FALSE;put;18/06/2026;256;0.271296799;2.098551883;
AAPL260618P00075000;8/28/2025 9:30 AM;75;0.1;0.07;0.12;0;0.00%;3;116;56.64%;FALSE;put;18/06/2026;256;0.290675141;2.045049651;
AAPL260618P00080000;10/03/2025 10:17;80;0.12;0.1;0.13;0.02;20.00%;3;618;54.98%;FALSE;put;18/06/2026;256;0.310053484;1.998590583;
AAPL260618P00085000;9/26/2025 9:59 AM;85;0.14;0.1;0.15;0;0.00%;5;930;52.73%;FALSE;put;18/06/2026;256;0.329431827;1.974086636;
AAPL260618P00090000;8/27/2025 3:56 PM;90;0.21;0.14;0.19;0;0.00%;1;665;51.81%;FALSE;put;18/06/2026;256;0.34881017;1.911296856;
AAPL260618P00095000;9/23/2025 11:40 AM;95;0.19;0.16;0.21;0;0.00%;8;714;50.00%;FALSE;put;18/06/2026;256;0.368188513;1.87910194;
AAPL260618P00100000;10/03/2025 13:05;100;0.24;0.19;0.24;0;0.00%;212;1,834;49.17%;FALSE;put;18/06/2026;256;0.387566855;1.818542006;
AAPL260618P00105000;10/03/2025 15:48;105;0.26;0.22;0.28;-0.02;-7.14%;2;1,511;47.75%;FALSE;put;18/06/2026;256;0.406945198;1.778585872;
AAPL260618P00110000;9/26/2025 3:44 PM;110;0.32;0.27;0.32;0;0.00%;5;1,971;46.29%;FALSE;put;18/06/2026;256;0.426323541;1.741808604;
AAPL260618P00115000;9/15/2025 10:49 AM;115;0.45;0.32;0.37;0;0.00%;250;1,440;44.97%;FALSE;put;18/06/2026;256;0.445701884;1.7022865;
AAPL260618P00120000;10/01/2025 10:37;120;0.42;0.41;0.43;0;0.00%;1;2,398;43.75%;FALSE;put;18/06/2026;256;0.465080226;1.66102163;
AAPL260618P00125000;10/03/2025 11:43;125;0.49;0.45;0.5;-0.04;-7.55%;4;1,627;42.60%;FALSE;put;18/06/2026;256;0.484458569;1.618763755;
AAPL260618P00130000;10/03/2025 09:30;130;0.62;0.53;0.58;0.03;5.08%;1;1,400;41.48%;FALSE;put;18/06/2026;256;0.503836912;1.576618957;
AAPL260618P00135000;10/02/2025 11:33;135;0.64;0.62;0.67;0;0.00%;2;1,434;40.38%;FALSE;put;18/06/2026;256;0.523215255;1.534746465;
AAPL260618P00140000;10/02/2025 11:35;140;0.75;0.73;0.78;0;0.00%;1;3,420;39.38%;FALSE;put;18/06/2026;256;0.542593597;1.490430207;
AAPL260618P00145000;10/01/2025 15:49;145;0.9;0.86;0.9;0;0.00%;5;1,747;38.36%;FALSE;put;18/06/2026;256;0.56197194;1.447379435;
AAPL260618P00150000;10/03/2025 15:58;150;1.02;1;1.05;-0.03;-2.86%;34;11,676;37.45%;FALSE;put;18/06/2026;256;0.581350283;1.401327786;
AAPL260618P00155000;10/03/2025 14:01;155;1.18;1.15;1.21;-0.01;-0.84%;52;3,713;36.49%;FALSE;put;18/06/2026;256;0.600728626;1.35722715;
AAPL260618P00160000;10/03/2025 15:16;160;1.37;1.34;1.41;0.01;0.74%;183;10,806;35.66%;FALSE;put;18/06/2026;256;0.620106968;1.309324224;
AAPL260618P00165000;10/03/2025 14:01;165;1.58;1.56;1.63;0.03;1.94%;84;6,339;34.80%;FALSE;put;18/06/2026;256;0.639485311;1.262514948;
AAPL260618P00170000;10/03/2025 14:22;170;1.84;1.83;1.88;0;0.00%;60;7,291;33.95%;FALSE;put;18/06/2026;256;0.658863654;1.215429036;
AAPL260618P00175000;10/03/2025 14:50;175;2.1;2.11;2.17;-0.07;-3.23%;5;5,553;33.14%;FALSE;put;18/06/2026;256;0.678241997;1.167067469;
AAPL260618P00180000;10/03/2025 12:34;180;2.38;2.44;2.5;-0.09;-3.64%;17;5,225;32.35%;FALSE;put;18/06/2026;256;0.69762034;1.117943229;
AAPL260618P00185000;10/03/2025 15:42;185;2.86;2.8;2.87;0.02;0.70%;37;7,420;31.56%;FALSE;put;18/06/2026;256;0.716998682;1.068524154;
AAPL260618P00190000;10/03/2025 15:42;190;3.3;3.25;3.35;0.02;0.61%;112;9,702;30.95%;FALSE;put;18/06/2026;256;0.736377025;1.01380543;
AAPL260618P00195000;10/03/2025 15:42;195;3.8;3.7;3.8;0.01;0.26%;55;11,268;30.10%;FALSE;put;18/06/2026;256;0.755755368;0.965100585;
AAPL260618P00200000;10/03/2025 15:42;200;4.35;4.25;4.4;-0.05;-1.14%;97;7,659;29.48%;FALSE;put;18/06/2026;256;0.775133711;0.909795779;
AAPL260618P00205000;10/03/2025 15:42;205;5;4.9;5.05;-0.05;-0.99%;12;3,655;28.81%;FALSE;put;18/06/2026;256;0.794512053;0.85519537;
AAPL260618P00210000;10/03/2025 15:42;210;5.75;5.65;5.75;0;0.00%;76;7,614;28.08%;FALSE;put;18/06/2026;256;0.813890396;0.801215873;
AAPL260618P00215000;10/03/2025 15:54;215;6.6;6.45;6.6;0;0.00%;274;2,504;27.48%;FALSE;put;18/06/2026;256;0.833268739;0.743437521;
AAPL260618P00220000;10/03/2025 15:42;220;7.5;7.35;7.5;0.01;0.13%;84;5,229;26.78%;FALSE;put;18/06/2026;256;0.852647082;0.686812684;
AAPL260618P00225000;10/03/2025 15:42;225;8.55;8.4;8.55;-0.1;-1.16%;18;2,505;26.16%;FALSE;put;18/06/2026;256;0.872025424;0.627463643;
AAPL260618P00230000;10/03/2025 15:42;230;9.7;9.6;9.75;-0.1;-1.02%;42;5,787;25.59%;FALSE;put;18/06/2026;256;0.891403767;0.566126991;
AAPL260618P00235000;10/03/2025 15:01;235;10.86;10.9;11.05;-0.14;-1.27%;78;2,962;24.96%;FALSE;put;18/06/2026;256;0.91078211;0.504511993;
AAPL260618P00240000;10/03/2025 14:33;240;12.41;12.35;12.5;-0.14;-1.12%;20;1,774;24.35%;FALSE;put;18/06/2026;256;0.930160453;0.441115493;
AAPL260618P00245000;10/02/2025 14:02;245;14.4;13.95;14.15;0;0.00%;18;1,083;23.80%;FALSE;put;18/06/2026;256;0.949538795;0.375488547;
AAPL260618P00250000;10/03/2025 15:07;250;15.89;15.8;15.95;-0.08;-0.50%;47;1,981;23.22%;FALSE;put;18/06/2026;256;0.968917138;0.308555722;
AAPL260618P00255000;10/03/2025 15:46;255;17.85;17.7;17.9;-0.38;-2.08%;75;1,211;22.61%;FALSE;put;18/06/2026;256;0.988295481;0.239902555;
AAPL260618P00260000;10/03/2025 15:20;260;20;19.85;20.05;-0.25;-1.23%;21;1,175;22.01%;TRUE;put;18/06/2026;256;1.007673824;0.168987492;
AAPL260618P00265000;10/03/2025 15:07;265;22.21;22.2;22.45;-0.54;-2.37%;10;302;21.47%;TRUE;put;18/06/2026;256;1.027052166;0.095728157;
AAPL260618P00270000;10/03/2025 15:07;270;24.98;24.8;25.05;-0.15;-0.60%;43;188;20.91%;TRUE;put;18/06/2026;256;1.046430509;0.020097046;
AAPL260618P00275000;10/03/2025 15:07;275;27.56;27.4;27.85;-0.53;-1.89%;36;42;20.34%;TRUE;put;18/06/2026;256;1.065808852;-0.058281727;
AAPL260618P00280000;10/03/2025 15:07;280;30.8;30.6;30.9;-0.16;-0.52%;29;42;19.81%;TRUE;put;18/06/2026;256;1.085187195;-0.139166039;
AAPL260618P00285000;10/03/2025 14:56;285;33.82;33.85;34.15;-0.58;-1.69%;10;42;19.25%;TRUE;put;18/06/2026;256;1.104565538;-0.223550133;
AAPL260618P00290000;10/03/2025 14:37;290;37.41;37.3;38.35;-0.39;-1.03%;14;18;19.72%;TRUE;put;18/06/2026;256;1.12394388;-0.289350914;
AAPL260618P00300000;10/03/2025 11:47;300;44.74;44.5;45.45;-3.65;-7.54%;7;42;17.96%;TRUE;put;18/06/2026;256;1.162700566;-0.486623657;
AAPL260618P00310000;10/01/2025 15:12;310;54.54;52.95;53.8;0;0.00%;4;74;16.89%;TRUE;put;18/06/2026;256;1.201457251;-0.686510338;
AAPL260618P00320000;10/01/2025 15:13;320;63.61;61.85;63.05;0;0.00%;4;5;16.72%;TRUE;put;18/06/2026;256;1.240213937;-0.853508298;
AAPL260618P00330000;7/31/2025 1:20 PM;330;120.54;73.65;75.55;0;0.00%;0;0;24.95%;TRUE;put;18/06/2026;256;1.278970622;-0.634897498;
AAPL260618P00340000;07/03/2025 10:32;340;126;83.65;85.6;0;0.00%;20;0;27.06%;TRUE;put;18/06/2026;256;1.317727308;-0.665871038;
AAPL260618P00350000;11/29/2024 10:43 AM;350;113.76;0;0;0;0.00%;2;0;0.00%;TRUE;put;18/06/2026;256;1.356483993;-22597.47198;
AAPL260618P00360000;3/14/2025 10:46 AM;360;147.54;155.9;159.15;0;0.00%;0;0;98.59%;TRUE;put;18/06/2026;256;1.395240679;0.036419032;
AAPL260618P00370000;01/06/2025 10:17;370;124;140.7;144.35;0;0.00%;1;0;71.60%;TRUE;put;18/06/2026;256;1.433997365;-0.170314099;
AAPL260618P00380000;07/07/2025 12:38;380;168.89;123.6;125.6;0;0.00%;0;0;34.17%;TRUE;put;18/06/2026;256;1.47275405;-0.762501235;
AAPL260618P00390000;07/07/2025 12:42;390;179.79;133.6;135.6;0;0.00%;4;0;35.76%;TRUE;put;18/06/2026;256;1.511510736;-0.780298641;
AAPL260821C00115000;08/12/2025 15:12;115;118.75;143.45;145.75;0;0.00%;0;116;51.38%;TRUE;call;21/08/2026;320;0.445701884;1.763404335;
AAPL260821C00120000;9/29/2025 3:42 PM;120;138.75;141.2;143.15;0;0.00%;1;5;61.16%;TRUE;call;21/08/2026;320;0.465080226;1.490134426;
AAPL260821C00125000;9/29/2025 9:30 AM;125;135.12;136.7;138.55;0;0.00%;1;2;60.01%;TRUE;call;21/08/2026;320;0.484458569;1.445466368;
AAPL260821C00130000;9/22/2025 1:21 PM;130;129.25;131.8;133.7;0;0.00%;15;15;57.70%;TRUE;call;21/08/2026;320;0.503836912;1.420347484;
AAPL260821C00135000;10/03/2025 12:18;135;128.67;127.55;129.15;0.75;0.59%;5;6;56.96%;TRUE;call;21/08/2026;320;0.523215255;1.370647821;
AAPL260821C00140000;9/22/2025 11:32 AM;140;119.91;122.8;124.35;0;0.00%;0;8;55.01%;TRUE;call;21/08/2026;320;0.542593597;1.341042203;
AAPL260821C00145000;9/19/2025 9:49 AM;145;102.51;117.65;119.7;0;0.00%;9;39;52.74%;TRUE;call;21/08/2026;320;0.56197194;1.317427277;
AAPL260821C00150000;9/25/2025 9:53 AM;150;109.58;113.15;114.9;0;0.00%;1;37;51.20%;TRUE;call;21/08/2026;320;0.581350283;1.282223544;
AAPL260821C00155000;9/26/2025 3:22 PM;155;107.44;109;110.3;0;0.00%;1;35;50.33%;TRUE;call;21/08/2026;320;0.600728626;1.236183715;
AAPL260821C00160000;9/25/2025 3:17 PM;160;103.72;104.3;105.7;0;0.00%;9;127;50.34%;TRUE;call;21/08/2026;320;0.620106968;1.176968502;
AAPL260821C00165000;10/02/2025 10:03;165;98.62;99.85;101.15;0;0.00%;1;40;48.87%;TRUE;call;21/08/2026;320;0.639485311;1.141166141;
AAPL260821C00170000;9/24/2025 3:32 PM;170;89.87;95.45;96.2;0;0.00%;8;31;46.57%;TRUE;call;21/08/2026;320;0.658863654;1.118157524;
AAPL260821C00175000;9/24/2025 3:31 PM;175;85.51;90.95;91.7;0;0.00%;10;17;45.21%;TRUE;call;21/08/2026;320;0.678241997;1.08042719;
AAPL260821C00180000;10/01/2025 14:23;180;85.76;86.6;87.25;0;0.00%;2;25;43.91%;TRUE;call;21/08/2026;320;0.69762034;1.041514328;
AAPL260821C00185000;10/01/2025 14:28;185;81.46;82.2;82.85;0;0.00%;4;24;42.66%;TRUE;call;21/08/2026;320;0.716998682;1.0014844;
AAPL260821C00190000;10/01/2025 14:20;190;77.17;77.95;78.5;0;0.00%;2;34;41.46%;TRUE;call;21/08/2026;320;0.736377025;0.960251081;
AAPL260821C00195000;10/03/2025 14:54;195;74.44;73.75;74.2;0.81;1.10%;4;59;40.28%;TRUE;call;21/08/2026;320;0.755755368;0.918172633;
AAPL260821C00200000;10/03/2025 14:53;200;70.27;69.55;70.05;0.54;0.77%;19;131;39.29%;TRUE;call;21/08/2026;320;0.775133711;0.872744337;
AAPL260821C00210000;10/03/2025 11:24;210;62;61.5;61.9;0.13;0.21%;8;46;37.29%;TRUE;call;21/08/2026;320;0.813890396;0.780187641;
AAPL260821C00220000;10/03/2025 10:54;220;54.2;53.8;54.2;0.48;0.89%;4;150;35.59%;TRUE;call;21/08/2026;320;0.852647082;0.680779771;
AAPL260821C00230000;10/03/2025 14:24;230;46.98;46.5;46.9;0.2;0.43%;2;634;34.00%;TRUE;call;21/08/2026;320;0.891403767;0.576845422;
AAPL260821C00240000;10/03/2025 14:52;240;40.23;39.65;40.05;0.66;1.67%;70;437;32.53%;TRUE;call;21/08/2026;320;0.930160453;0.468074025;
AAPL260821C00250000;10/03/2025 14:52;250;33.94;33.4;33.75;0.39;1.16%;64;891;31.22%;TRUE;call;21/08/2026;320;0.968917138;0.35430798;
AAPL260821C00260000;10/03/2025 15:21;260;27.79;27.7;27.9;0.04;0.14%;87;1,025;29.89%;FALSE;call;21/08/2026;320;1.007673824;0.236054119;
AAPL260821C00270000;10/03/2025 14:55;270;23;22.6;22.8;0.25;1.10%;19;855;28.82%;FALSE;call;21/08/2026;320;1.046430509;0.113261411;
AAPL260821C00280000;10/03/2025 15:07;280;18.39;18.25;18.45;0.03;0.16%;252;991;27.99%;FALSE;call;21/08/2026;320;1.085187195;-0.01194823;
AAPL260821C00290000;10/03/2025 15:31;290;14.65;14.5;14.7;-0.15;-1.01%;51;550;27.23%;FALSE;call;21/08/2026;320;1.12394388;-0.139267906;
AAPL260821C00300000;10/03/2025 15:19;300;11.6;11.45;11.65;-0.12;-1.02%;70;400;26.68%;FALSE;call;21/08/2026;320;1.162700566;-0.265672548;
AAPL260821C00310000;10/03/2025 12:52;310;9.3;8.95;9.15;0.12;1.31%;7;10,188;26.23%;FALSE;call;21/08/2026;320;1.201457251;-0.391000907;
AAPL260821C00320000;10/03/2025 11:36;320;7.4;6.95;7.15;0.09;1.23%;3;149;25.89%;FALSE;call;21/08/2026;320;1.240213937;-0.513761736;
AAPL260821C00330000;10/01/2025 12:15;330;5.35;5.4;5.55;0;0.00%;1;120;25.61%;FALSE;call;21/08/2026;320;1.278970622;-0.634189757;
AAPL260821C00340000;10/03/2025 11:32;340;4.4;4.2;4.3;-0.1;-2.22%;3;525;25.42%;FALSE;call;21/08/2026;320;1.317727308;-0.750452423;
AAPL260821C00350000;10/03/2025 09:30;350;3.3;3.25;3.35;0;0.00%;2;66;25.33%;FALSE;call;21/08/2026;320;1.356483993;-0.861007719;
AAPL260821P00110000;9/22/2025 12:11 PM;110;0.38;0.41;0.49;0;0.00%;102;149;44.07%;FALSE;put;21/08/2026;320;0.426323541;2.085356012;
AAPL260821P00115000;9/18/2025 10:27 AM;115;0.58;0.48;0.56;0;0.00%;1;20;42.82%;FALSE;put;21/08/2026;320;0.445701884;2.038620561;
AAPL260821P00120000;9/29/2025 10:14 AM;120;0.59;0.55;0.64;0;0.00%;1;528;41.65%;FALSE;put;21/08/2026;320;0.465080226;1.990471717;
AAPL260821P00125000;10/01/2025 09:44;125;0.67;0.66;0.74;0;0.00%;10;23;40.63%;FALSE;put;21/08/2026;320;0.484458569;1.937889239;
AAPL260821P00130000;9/22/2025 11:13 AM;130;0.78;0.77;0.82;0;0.00%;1;23;39.33%;FALSE;put;21/08/2026;320;0.503836912;1.897723606;
AAPL260821P00135000;9/24/2025 12:48 PM;135;1.02;0.89;0.97;0;0.00%;3;30;38.55%;FALSE;put;21/08/2026;320;0.523215255;1.83798845;
AAPL260821P00140000;9/29/2025 3:50 PM;140;1.09;1.04;1.14;0;0.00%;1;7;37.77%;FALSE;put;21/08/2026;320;0.542593597;1.7793212;
AAPL260821P00145000;9/29/2025 3:20 PM;145;1.31;1.21;1.28;0;0.00%;2;16;36.69%;FALSE;put;21/08/2026;320;0.56197194;1.73314879;
AAPL260821P00150000;9/29/2025 3:34 PM;150;1.4;1.41;1.47;-0.11;-7.28%;1;40;35.83%;FALSE;put;21/08/2026;320;0.581350283;1.679011764;
AAPL260821P00155000;10/01/2025 13:17;155;1.68;1.63;1.7;0;0.00%;1;104;35.06%;FALSE;put;21/08/2026;320;0.600728626;1.621927909;
AAPL260821P00160000;10/03/2025 14:28;160;1.86;1.89;1.95;-0.05;-2.62%;4;424;34.27%;FALSE;put;21/08/2026;320;0.620106968;1.566014435;
AAPL260821P00165000;10/03/2025 14:28;165;2.2;2.16;2.24;-0.11;-4.76%;2;179;33.51%;FALSE;put;21/08/2026;320;0.639485311;1.509241808;
AAPL260821P00170000;9/29/2025 2:40 PM;170;2.67;2.5;2.57;0;0.00%;17;463;32.78%;FALSE;put;21/08/2026;320;0.658863654;1.451522362;
AAPL260821P00175000;10/03/2025 10:40;175;2.88;2.85;2.95;-0.07;-2.37%;1;183;32.10%;FALSE;put;21/08/2026;320;0.678241997;1.392077482;
AAPL260821P00180000;9/30/2025 11:40 AM;180;3.31;3.25;3.35;-0.16;-4.61%;1;490;31.35%;FALSE;put;21/08/2026;320;0.69762034;1.335014222;
AAPL260821P00185000;9/26/2025 10:01 AM;185;3.85;3.7;3.85;0;0.00%;10;117;30.74%;FALSE;put;21/08/2026;320;0.716998682;1.272994505;
AAPL260821P00190000;10/02/2025 11:03;190;4.4;4.25;4.35;0;0.00%;23;171;30.01%;FALSE;put;21/08/2026;320;0.736377025;1.214690277;
AAPL260821P00195000;10/02/2025 15:54;195;4.9;4.85;4.95;-0.1;-2.00%;3;350;29.36%;FALSE;put;21/08/2026;320;0.755755368;1.153350054;
AAPL260821P00200000;10/03/2025 10:14;200;5.55;5.5;5.65;-0.1;-1.77%;27;956;28.79%;FALSE;put;21/08/2026;320;0.775133711;1.089120967;
AAPL260821P00210000;10/02/2025 11:28;210;7.02;7.05;7.2;-0.13;-1.82%;1;666;27.51%;FALSE;put;21/08/2026;320;0.813890396;0.962986524;
AAPL260821P00220000;10/03/2025 12:19;220;8.93;9;9.2;-0.42;-4.49%;7;760;26.38%;FALSE;put;21/08/2026;320;0.852647082;0.829648779;
AAPL260821P00230000;10/03/2025 14:48;230;11.55;11.4;11.6;-0.03;-0.26%;12;917;25.22%;FALSE;put;21/08/2026;320;0.891403767;0.69303875;
AAPL260821P00240000;10/03/2025 15:00;240;14.35;14.3;14.55;-0.3;-2.05%;22;648;24.13%;FALSE;put;21/08/2026;320;0.930160453;0.550054105;
AAPL260821P00250000;10/03/2025 14:55;250;18;17.85;18.05;-0.5;-2.70%;5;67;23.02%;FALSE;put;21/08/2026;320;0.968917138;0.401209815;
AAPL260821P00260000;10/03/2025 15:31;260;22.2;22;22.2;-0.25;-1.11%;12;213;21.92%;TRUE;put;21/08/2026;320;1.007673824;0.244559673;
AAPL260821P00270000;10/03/2025 14:54;270;26.84;26.8;27.1;-0.66;-2.40%;45;65;20.87%;TRUE;put;21/08/2026;320;1.046430509;0.078713802;
AAPL260821P00280000;10/03/2025 15:27;280;32.8;32.45;32.75;-0.34;-1.03%;4;19;19.79%;TRUE;put;21/08/2026;320;1.085187195;-0.098156734;
AAPL260821P00290000;10/03/2025 15:29;290;39.26;38.6;39.35;-0.85;-2.12%;8;8;18.89%;TRUE;put;21/08/2026;320;1.12394388;-0.284326627;
AAPL260821P00300000;10/03/2025 09:36;300;46.22;45.9;46.85;-1.17;-2.47%;6;7;18.18%;TRUE;put;21/08/2026;320;1.162700566;-0.475966636;
AAPL260821P00310000;9/30/2025 1:00 PM;310;57.6;53.9;54.85;0;0.00%;2;25;17.19%;TRUE;put;21/08/2026;320;1.201457251;-0.690331406;
AAPL260821P00320000;9/22/2025 2:48 PM;320;65.1;62.4;63.4;0;0.00%;50;50;15.96%;TRUE;put;21/08/2026;320;1.240213937;-0.940265505;
AAPL260821P00330000;10/03/2025 11:44;330;71.5;71.75;73;-27.65;-27.89%;2;0;16.42%;TRUE;put;21/08/2026;320;1.278970622;-1.085663424;
AAPL260821P00340000;09/04/2025 15:56;340;100.26;81.15;82.9;0;0.00%;0;0;17.58%;TRUE;put;21/08/2026;320;1.317727308;-1.163813766;
AAPL260918C00050000;09/10/2025 11:43;50;178.3;208;210.7;0;0.00%;4;21;92.72%;TRUE;call;18/09/2026;348;0.193783428;2.209932238;
AAPL260918C00055000;9/22/2025 10:35 AM;55;199.27;203.15;206;0;0.00%;25;66;89.99%;TRUE;call;18/09/2026;348;0.21316177;2.147757962;
AAPL260918C00060000;8/21/2025 11:55 AM;60;167.69;196;198.65;0;0.00%;0;12;72.75%;TRUE;call;18/09/2026;348;0.232540113;2.360421101;
AAPL260918C00065000;8/25/2025 2:54 PM;65;164.78;191.15;193.95;0;0.00%;1;1;73.39%;TRUE;call;18/09/2026;348;0.251918456;2.239276126;
AAPL260918C00070000;09/09/2025 10:43;70;168.21;188.85;191.5;0;0.00%;2;3;81.49%;TRUE;call;18/09/2026;348;0.271296799;1.999560536;
AAPL260918C00075000;6/13/2025 9:52 AM;75;125.2;0;0;0;0.00%;0;0;0.00%;TRUE;call;18/09/2026;348;0.290675141;125298.0708;
AAPL260918C00080000;9/24/2025 2:06 PM;80;174.5;179.35;181.9;0;0.00%;82;84;76.66%;TRUE;call;18/09/2026;348;0.310053484;1.909080889;
AAPL260918C00085000;9/19/2025 9:50 AM;85;158.77;174.7;177.2;0;0.00%;1;29;74.93%;TRUE;call;18/09/2026;348;0.329431827;1.857865439;
AAPL260918C00090000;9/26/2025 1:11 PM;90;170;169.75;172.3;0;0.00%;1;12;71.80%;TRUE;call;18/09/2026;348;0.34881017;1.831349999;
AAPL260918C00095000;08/11/2025 15:05;95;136.5;162.5;165.3;0;0.00%;8;13;53.63%;TRUE;call;18/09/2026;348;0.368188513;2.15555805;
AAPL260918C00100000;10/01/2025 09:59;100;160.1;160.4;162.65;0;0.00%;400;188;67.71%;TRUE;call;18/09/2026;348;0.387566855;1.750807938;
AAPL260918C00105000;08/05/2025 15:51;105;102.78;153;155.8;0;0.00%;1;14;52.81%;TRUE;call;18/09/2026;348;0.406945198;1.996287838;
AAPL260918C00110000;09/02/2025 11:39;110;122;150.65;153.25;0;0.00%;5;18;63.45%;TRUE;call;18/09/2026;348;0.426323541;1.680693426;
AAPL260918C00115000;09/10/2025 13:19;115;117.5;145.9;148.35;0;0.00%;5;28;61.25%;TRUE;call;18/09/2026;348;0.445701884;1.649348424;
AAPL260918C00120000;9/15/2025 12:15 PM;120;121.92;141.3;143.9;0;0.00%;1;10;60.19%;TRUE;call;18/09/2026;348;0.465080226;1.599398059;
AAPL260918C00125000;9/26/2025 2:56 PM;125;136.47;137.1;139;0;0.00%;3;602;58.97%;TRUE;call;18/09/2026;348;0.484458569;1.553418899;
AAPL260918C00130000;9/22/2025 2:37 PM;130;131.35;132.15;134.35;0;0.00%;1;14;56.92%;TRUE;call;18/09/2026;348;0.503836912;1.522656706;
AAPL260918C00135000;10/03/2025 12:18;135;129.67;127.2;129.85;22.82;21.36%;6;8;55.14%;TRUE;call;18/09/2026;348;0.523215255;1.488140483;
AAPL260918C00140000;9/19/2025 12:26 PM;140;110.81;122.85;124.75;0;0.00%;1;39;53.38%;TRUE;call;18/09/2026;348;0.542593597;1.454027344;
AAPL260918C00145000;9/22/2025 9:30 AM;145;110.2;118.55;120.1;0;0.00%;2;30;52.29%;TRUE;call;18/09/2026;348;0.56197194;1.408556844;
AAPL260918C00150000;10/01/2025 10:38;150;112.5;113.6;115.85;0;0.00%;2;54;50.84%;TRUE;call;18/09/2026;348;0.581350283;1.369927773;
AAPL260918C00155000;9/22/2025 12:19 PM;155;109.95;109;110.9;2.95;2.76%;2;45;51.13%;TRUE;call;18/09/2026;348;0.600728626;1.30223224;
AAPL260918C00160000;9/24/2025 10:35 AM;160;100.2;104.55;106.65;0;0.00%;5;93;50.29%;TRUE;call;18/09/2026;348;0.620106968;1.254455504;
AAPL260918C00165000;10/03/2025 11:28;165;101.4;100.55;101.75;2.55;2.58%;1;101;48.09%;TRUE;call;18/09/2026;348;0.639485311;1.228414608;
AAPL260918C00170000;10/03/2025 14:39;170;96.78;96.15;97;3.17;3.39%;6;142;46.22%;TRUE;call;18/09/2026;348;0.658863654;1.197287084;
AAPL260918C00175000;10/01/2025 14:33;175;90.7;91.7;92.6;0;0.00%;4;177;45.02%;TRUE;call;18/09/2026;348;0.678241997;1.155010073;
AAPL260918C00180000;10/02/2025 10:45;180;86.62;87.35;88.15;0;0.00%;1;228;43.69%;TRUE;call;18/09/2026;348;0.69762034;1.114641518;
AAPL260918C00185000;10/03/2025 10:45;185;83.6;83.05;83.8;1.45;1.77%;3;88;42.50%;TRUE;call;18/09/2026;348;0.716998682;1.071669786;
AAPL260918C00190000;10/03/2025 15:39;190;79.01;78.65;79.65;1.57;2.03%;12;367;41.58%;TRUE;call;18/09/2026;348;0.736377025;1.024097174;
AAPL260918C00195000;10/03/2025 14:25;195;75.49;74.55;75.3;2.49;3.41%;6;844;40.30%;TRUE;call;18/09/2026;348;0.755755368;0.98158321;
AAPL260918C00200000;10/03/2025 12:03;200;71;70.65;71.05;1.27;1.82%;19;1,602;39.12%;TRUE;call;18/09/2026;348;0.775133711;0.936847971;
AAPL260918C00205000;10/03/2025 15:26;205;66.78;66.6;67;0.26;0.39%;29;1,441;38.17%;TRUE;call;18/09/2026;348;0.794512053;0.888045073;
AAPL260918C00210000;10/03/2025 14:56;210;63.25;62.6;63;0.34;0.54%;17;2,123;37.22%;TRUE;call;18/09/2026;348;0.813890396;0.838537739;
AAPL260918C00215000;10/03/2025 13:11;215;59.5;58.55;59.2;0.56;0.95%;12;542;36.45%;TRUE;call;18/09/2026;348;0.833268739;0.785974591;
AAPL260918C00220000;10/03/2025 15:09;220;55.27;54.95;55.4;0.48;0.88%;17;1,588;35.59%;TRUE;call;18/09/2026;348;0.852647082;0.733792003;
AAPL260918C00225000;10/03/2025 15:17;225;51.61;51.05;51.7;0.37;0.72%;11;708;34.77%;TRUE;call;18/09/2026;348;0.872025424;0.680265085;
AAPL260918C00230000;10/03/2025 15:00;230;48.4;47.75;48.1;0.99;2.09%;34;2,119;33.97%;TRUE;call;18/09/2026;348;0.891403767;0.625575264;
AAPL260918C00235000;10/03/2025 14:56;235;44.9;44.2;44.65;0.3;0.67%;39;1,816;33.25%;TRUE;call;18/09/2026;348;0.91078211;0.569191484;
AAPL260918C00240000;10/03/2025 15:23;240;41.15;40.95;41.4;-0.05;-0.12%;41;2,851;32.65%;TRUE;call;18/09/2026;348;0.930160453;0.511053334;
AAPL260918C00245000;10/03/2025 14:57;245;38.3;37.75;38.25;0.12;0.31%;16;1,221;32.04%;TRUE;call;18/09/2026;348;0.949538795;0.452213604;
AAPL260918C00250000;10/03/2025 14:40;250;34.9;34.7;35.2;-0.13;-0.37%;16;2,992;31.42%;TRUE;call;18/09/2026;348;0.968917138;0.392526161;
AAPL260918C00255000;10/03/2025 15:45;255;32.16;31.8;32.2;0.28;0.88%;67;1,023;30.75%;TRUE;call;18/09/2026;348;0.988295481;0.33189396;
AAPL260918C00260000;10/03/2025 15:46;260;29.23;29.05;29.3;0.23;0.79%;56;3,523;30.07%;FALSE;call;18/09/2026;348;1.007673824;0.269944627;
AAPL260918C00265000;10/03/2025 15:57;265;26.45;26.45;26.65;-0.27;-1.01%;809;864;29.51%;FALSE;call;18/09/2026;348;1.027052166;0.206779233;
AAPL260918C00270000;10/03/2025 15:54;270;23.9;24;24.2;-0.17;-0.71%;139;2,836;29.04%;FALSE;call;18/09/2026;348;1.046430509;0.142866988;
AAPL260918C00275000;10/03/2025 14:17;275;21.9;21.7;21.9;-0.12;-0.54%;48;2,100;28.58%;FALSE;call;18/09/2026;348;1.065808852;0.078161941;
AAPL260918C00280000;10/03/2025 15:53;280;19.51;19.55;19.75;-0.37;-1.86%;182;1,531;28.15%;FALSE;call;18/09/2026;348;1.085187195;0.012823869;
AAPL260918C00285000;10/03/2025 10:19;285;17.9;17.55;17.75;0.25;1.42%;108;1,429;27.75%;FALSE;call;18/09/2026;348;1.104565538;-0.053018919;
AAPL260918C00290000;10/03/2025 12:08;290;15.95;15.75;15.95;0.07;0.44%;97;1,002;27.42%;FALSE;call;18/09/2026;348;1.12394388;-0.118677897;
AAPL260918C00295000;10/03/2025 14:45;295;14.4;14.1;14.25;0.15;1.05%;71;961;27.07%;FALSE;call;18/09/2026;348;1.143322223;-0.185150284;
AAPL260918C00300000;10/03/2025 15:57;300;12.6;12.55;12.75;-0.06;-0.47%;10,183;2,252;26.80%;FALSE;call;18/09/2026;348;1.162700566;-0.250774767;
AAPL260918C00310000;10/03/2025 13:55;310;10.11;9.95;10.1;0.11;1.10%;2,073;1,030;26.29%;FALSE;call;18/09/2026;348;1.201457251;-0.382213066;
AAPL260918C00320000;10/03/2025 14:41;320;8.05;7.85;8;0.5;6.62%;98;917;25.94%;FALSE;call;18/09/2026;348;1.240213937;-0.510154263;
AAPL260918C00330000;10/03/2025 14:14;330;6.2;6.15;6.3;-0.2;-3.13%;71;1,371;25.66%;FALSE;call;18/09/2026;348;1.278970622;-0.635431904;
AAPL260918C00340000;10/03/2025 14:02;340;4.9;4.85;4.95;-0.05;-1.01%;2;329;25.45%;FALSE;call;18/09/2026;348;1.317727308;-0.757169743;
AAPL260918C00350000;10/02/2025 15:44;350;3.88;3.8;3.95;0;0.00%;17;319;25.42%;FALSE;call;18/09/2026;348;1.356483993;-0.869685483;
AAPL260918C00360000;10/02/2025 10:47;360;3.05;3;3.1;0.07;2.35%;4;150;25.31%;FALSE;call;18/09/2026;348;1.395240679;-0.98316751;
AAPL260918C00370000;10/02/2025 10:47;370;2.45;2.38;2.45;0.12;5.15%;12;212;25.28%;FALSE;call;18/09/2026;348;1.433997365;-1.090437424;
AAPL260918C00380000;10/03/2025 11:42;380;1.95;1.88;1.96;0.1;5.41%;11;99;25.34%;FALSE;call;18/09/2026;348;1.47275405;-1.190055268;
AAPL260918C00390000;10/02/2025 10:47;390;1.53;1.5;1.59;0;0.00%;27;196;25.47%;FALSE;call;18/09/2026;348;1.511510736;-1.28235168;
AAPL260918C00400000;10/03/2025 15:51;400;1.23;1.21;1.27;-0.02;-1.60%;11;1,686;25.53%;FALSE;call;18/09/2026;348;1.550267421;-1.37560824;
AAPL260918P00050000;10/03/2025 09:30;50;0.06;0.02;0.08;0.02;50.00%;1;417;60.16%;FALSE;put;18/09/2026;348;0.193783428;3.020833507;
AAPL260918P00055000;09/03/2025 15:24;55;0.08;0.03;0.11;0;0.00%;1;64;58.59%;FALSE;put;18/09/2026;348;0.21316177;2.928130724;
AAPL260918P00060000;8/13/2025 9:30 AM;60;0.08;0.05;0.14;0;0.00%;3;15;57.13%;FALSE;put;18/09/2026;348;0.232540113;2.840481871;
AAPL260918P00065000;09/04/2025 11:51;65;0.13;0.08;0.16;0;0.00%;1;2;55.47%;FALSE;put;18/09/2026;348;0.251918456;2.768903628;
AAPL260918P00070000;9/17/2025 11:57 AM;70;0.16;0.11;0.19;0;0.00%;20;128;53.96%;FALSE;put;18/09/2026;348;0.271296799;2.698032403;
AAPL260918P00075000;8/20/2025 9:30 AM;75;0.2;0.14;0.22;0;0.00%;10;52;52.34%;FALSE;put;18/09/2026;348;0.290675141;2.637516028;
AAPL260918P00080000;9/18/2025 1:03 PM;80;0.22;0.17;0.21;0;0.00%;1;10;50.00%;FALSE;put;18/09/2026;348;0.310053484;2.612622396;
AAPL260918P00085000;7/23/2025 10:05 AM;85;0.51;0.21;0.26;0;0.00%;1;21;49.46%;FALSE;put;18/09/2026;348;0.329431827;2.516409457;
AAPL260918P00090000;8/21/2025 12:35 PM;90;0.39;0.25;0.34;0;0.00%;10;46;48.78%;FALSE;put;18/09/2026;348;0.34881017;2.430700921;
AAPL260918P00095000;09/03/2025 10:10;95;0.42;0.3;0.36;0;0.00%;1;48;46.83%;FALSE;put;18/09/2026;348;0.368188513;2.400650357;
AAPL260918P00100000;9/16/2025 10:09 AM;100;0.44;0.34;0.4;0;0.00%;1;383;45.24%;FALSE;put;18/09/2026;348;0.387566855;2.359253046;
AAPL260918P00105000;10/02/2025 12:17;105;0.42;0.41;0.46;0;0.00%;10;240;43.97%;FALSE;put;18/09/2026;348;0.406945198;2.307055622;
AAPL260918P00110000;9/29/2025 10:14 AM;110;0.52;0.48;0.53;0;0.00%;1;135;42.77%;FALSE;put;18/09/2026;348;0.426323541;2.254252853;
AAPL260918P00115000;10/01/2025 13:09;115;0.6;0.57;0.62;0;0.00%;10;369;41.75%;FALSE;put;18/09/2026;348;0.445701884;2.195753976;
AAPL260918P00120000;9/25/2025 2:47 PM;120;0.69;0.66;0.72;0;0.00%;1;1,070;40.74%;FALSE;put;18/09/2026;348;0.465080226;2.138667035;
AAPL260918P00125000;10/02/2025 14:52;125;0.79;0.77;0.83;0;0.00%;10;32;39.72%;FALSE;put;18/09/2026;348;0.484458569;2.083618456;
AAPL260918P00130000;10/03/2025 12:04;130;0.94;0.91;0.96;0;0.00%;2;319;38.79%;FALSE;put;18/09/2026;348;0.503836912;2.026085633;
AAPL260918P00135000;9/30/2025 2:28 PM;135;1.14;1.05;1.11;0;0.00%;10;43;37.90%;FALSE;put;18/09/2026;348;0.523215255;1.968050314;
AAPL260918P00140000;10/02/2025 12:09;140;1.19;1.22;1.27;0;0.00%;12;217;36.99%;FALSE;put;18/09/2026;348;0.542593597;1.911891555;
AAPL260918P00145000;10/03/2025 14:28;145;1.43;1.4;1.46;-0.05;-3.38%;2;643;36.15%;FALSE;put;18/09/2026;348;0.56197194;1.85362385;
AAPL260918P00150000;10/02/2025 10:43;150;1.66;1.62;1.68;0.05;3.11%;12;2,051;35.35%;FALSE;put;18/09/2026;348;0.581350283;1.794399866;
AAPL260918P00155000;10/03/2025 14:29;155;1.84;1.86;1.92;-0.04;-2.13%;2;940;34.55%;FALSE;put;18/09/2026;348;0.600728626;1.735747582;
AAPL260918P00160000;10/03/2025 09:43;160;2.11;2.14;2.2;-0.04;-1.86%;2;3,165;33.80%;FALSE;put;18/09/2026;348;0.620106968;1.675487082;
AAPL260918P00165000;10/02/2025 10:46;165;2.43;2.44;2.5;0;0.00%;2;2,310;33.01%;FALSE;put;18/09/2026;348;0.639485311;1.617121597;
AAPL260918P00170000;10/02/2025 14:28;170;2.8;2.79;2.87;0;0.00%;29;2,683;32.35%;FALSE;put;18/09/2026;348;0.658863654;1.553802103;
AAPL260918P00175000;10/01/2025 13:06;175;3.25;3.15;3.25;0;0.00%;3;1,787;31.60%;FALSE;put;18/09/2026;348;0.678241997;1.494045953;
AAPL260918P00180000;10/03/2025 09:55;180;3.61;3.6;3.7;-0.11;-2.96%;2;1,571;30.94%;FALSE;put;18/09/2026;348;0.69762034;1.430803956;
AAPL260918P00185000;10/03/2025 15:12;185;4.15;4.1;4.2;0;0.00%;18;1,580;30.27%;FALSE;put;18/09/2026;348;0.716998682;1.367786732;
AAPL260918P00190000;10/02/2025 15:04;190;4.8;4.65;4.8;0.05;1.05%;1;1,889;29.71%;FALSE;put;18/09/2026;348;0.736377025;1.300660975;
AAPL260918P00195000;10/03/2025 10:36;195;5.35;5.3;5.4;0;0.00%;3;2,971;29.02%;FALSE;put;18/09/2026;348;0.755755368;1.237688784;
AAPL260918P00200000;10/02/2025 13:24;200;6;6;6.1;-0.1;-1.64%;1;7,100;28.40%;FALSE;put;18/09/2026;348;0.775133711;1.171829502;
AAPL260918P00205000;10/02/2025 12:06;205;6.74;6.75;6.9;-0.06;-0.88%;2;3,922;27.83%;FALSE;put;18/09/2026;348;0.794512053;1.103836051;
AAPL260918P00210000;10/03/2025 15:25;210;7.75;7.65;7.8;-0.08;-1.02%;7;1,888;27.29%;FALSE;put;18/09/2026;348;0.813890396;1.034382723;
AAPL260918P00215000;10/03/2025 12:54;215;8.5;8.6;8.75;-0.25;-2.86%;18;1,577;26.69%;FALSE;put;18/09/2026;348;0.833268739;0.965905167;
AAPL260918P00220000;10/03/2025 09:43;220;9.8;9.65;9.85;-0.25;-2.49%;2;895;26.16%;FALSE;put;18/09/2026;348;0.852647082;0.894683337;
AAPL260918P00225000;10/03/2025 15:54;225;11.1;10.85;11.05;0.1;0.91%;10;2,019;25.63%;FALSE;put;18/09/2026;348;0.872025424;0.822586342;
AAPL260918P00230000;10/03/2025 15:54;230;12.4;12.15;12.35;0.01;0.08%;74;1,022;25.08%;FALSE;put;18/09/2026;348;0.891403767;0.749881763;
AAPL260918P00235000;10/03/2025 14:54;235;13.64;13.55;13.75;-0.23;-1.66%;11;959;24.51%;FALSE;put;18/09/2026;348;0.91078211;0.676278619;
AAPL260918P00240000;10/03/2025 15:57;240;15.3;15.1;15.2;-0.1;-0.65%;39;1,100;23.86%;FALSE;put;18/09/2026;348;0.930160453;0.60241325;
AAPL260918P00245000;10/03/2025 15:40;245;16.99;16.7;16.95;-0.09;-0.53%;33;177;23.38%;FALSE;put;18/09/2026;348;0.949538795;0.524155992;
AAPL260918P00250000;10/03/2025 15:46;250;18.75;18.6;18.8;-0.23;-1.21%;75;2,591;22.85%;FALSE;put;18/09/2026;348;0.968917138;0.444994655;
AAPL260918P00255000;10/03/2025 15:48;255;20.75;20.6;20.75;-0.2;-0.95%;2,084;554;22.27%;FALSE;put;18/09/2026;348;0.988295481;0.364292418;
AAPL260918P00260000;10/03/2025 15:54;260;23.1;22.7;22.95;0.07;0.30%;813;388;21.78%;TRUE;put;18/09/2026;348;1.007673824;0.28082418;
AAPL260918P00265000;10/03/2025 15:46;265;25.25;24.85;25.3;-0.3;-1.17%;800;124;21.26%;TRUE;put;18/09/2026;348;1.027052166;0.195311464;
AAPL260918P00270000;10/03/2025 15:43;270;27.75;27.55;27.8;-0.47;-1.67%;91;147;20.71%;TRUE;put;18/09/2026;348;1.046430509;0.107184517;
AAPL260918P00275000;10/03/2025 14:48;275;30.29;30.3;30.6;-0.47;-1.53%;12;37;20.28%;TRUE;put;18/09/2026;348;1.065808852;0.017069039;
AAPL260918P00280000;10/03/2025 14:53;280;33.19;33.15;33.5;-0.36;-1.07%;12;21;19.77%;TRUE;put;18/09/2026;348;1.085187195;-0.076288159;
AAPL260918P00285000;10/03/2025 14:54;285;36.2;36.25;37.05;-0.4;-1.09%;16;23;19.75%;TRUE;put;18/09/2026;348;1.104565538;-0.164053496;
AAPL260918P00290000;10/03/2025 12:44;290;39.4;39.5;40.45;-0.85;-2.11%;14;85;19.38%;TRUE;put;18/09/2026;348;1.12394388;-0.258284223;
AAPL260918P00295000;10/03/2025 12:19;295;42.68;42.65;43.55;-3.52;-7.62%;8;9;18.44%;TRUE;put;18/09/2026;348;1.143322223;-0.370937385;
AAPL260918P00300000;10/03/2025 11:59;300;46.67;46.3;47.15;-5.27;-10.15%;4;15;17.84%;TRUE;put;18/09/2026;348;1.162700566;-0.481076876;
AAPL260918P00310000;10/03/2025 12:09;310;54.34;54.05;55.1;-5.94;-9.85%;8;4;16.92%;TRUE;put;18/09/2026;348;1.201457251;-0.705246106;
AAPL260918P00320000;10/03/2025 12:13;320;62.8;62.35;63.65;-2.78;-4.24%;4;41;15.92%;TRUE;put;18/09/2026;348;1.240213937;-0.953859353;
AAPL260918P00350000;08/08/2025 09:47;350;129.45;93.5;95.75;0;0.00%;10;0;25.15%;TRUE;put;18/09/2026;348;1.356483993;-0.881548771;
AAPL260918P00360000;9/22/2025 12:02 PM;360;103.94;101.05;102.7;0;0.00%;0;0;18.71%;TRUE;put;18/09/2026;348;1.395240679;-1.4022435;
AAPL260918P00400000;9/16/2025 2:15 PM;400;161;140.9;143.1;0;0.00%;10;0;25.10%;TRUE;put;18/09/2026;348;1.550267421;-1.403210901;
AAPL261218C00005000;9/22/2025 2:19 PM;5;249.2;251.3;254.5;0;0.00%;1;5;238.38%;TRUE;call;18/12/2026;439;0.019378343;3.414126284;
AAPL261218C00010000;9/25/2025 2:39 PM;10;245.23;246.45;249.55;0;0.00%;10;15;181.79%;TRUE;call;18/12/2026;439;0.038756686;3.196133607;
AAPL261218C00015000;6/23/2025 9:37 AM;15;186.06;238.95;242.35;0;0.00%;4;5;0.00%;TRUE;call;18/12/2026;439;0.058135028;318603.458;
AAPL261218C00020000;10/01/2025 14:06;20;237.07;236.7;239.8;0;0.00%;1;7;99.61%;TRUE;call;18/12/2026;439;0.077513371;3.538698842;
AAPL261218C00025000;07/09/2025 13:23;25;184.65;229.35;232.75;0;0.00%;1;2;0.00%;TRUE;call;18/12/2026;439;0.096891714;262581.4718;
AAPL261218C00030000;08/12/2025 09:41;30;199.1;224.7;227.9;0;0.00%;2;10;0.00%;TRUE;call;18/12/2026;439;0.116270057;242586.3595;
AAPL261218C00035000;04/09/2025 11:27;35;146.2;162.8;166.55;0;0.00%;1;3;0.00%;TRUE;call;18/12/2026;439;0.135648399;225680.7329;
AAPL261218C00040000;5/27/2025 1:01 PM;40;161.68;160.5;164.55;0;0.00%;3;5;0.00%;TRUE;call;18/12/2026;439;0.155026742;211036.413;
AAPL261218C00045000;05/06/2025 13:35;45;156.53;155.9;159.8;0;0.00%;1;57;0.00%;TRUE;call;18/12/2026;439;0.174405085;198119.2075;
AAPL261218C00050000;9/29/2025 11:22 AM;50;205.5;207.8;211.7;0;0.00%;1;1,985;86.82%;TRUE;call;18/12/2026;439;0.193783428;2.721440483;
AAPL261218C00060000;09/03/2025 14:11;60;179.31;198.6;201.7;0;0.00%;1;302;80.62%;TRUE;call;18/12/2026;439;0.232540113;2.597788862;
AAPL261218C00070000;8/20/2025 10:59 AM;70;159.36;186.35;190.05;0;0.00%;2;2,526;71.68%;TRUE;call;18/12/2026;439;0.271296799;2.560662206;
AAPL261218C00080000;9/30/2025 3:21 PM;80;177.2;179.45;182.75;0;0.00%;1;422;70.90%;TRUE;call;18/12/2026;439;0.310053484;2.371941584;
AAPL261218C00085000;08/08/2025 13:34;85;148.01;172.2;175.9;0;0.00%;29;486;54.13%;TRUE;call;18/12/2026;439;0.329431827;2.728485469;
AAPL261218C00090000;5/29/2025 3:16 PM;90;115.22;114.7;118;0;0.00%;1;497;0.00%;TRUE;call;18/12/2026;439;0.34881017;122102.109;
AAPL261218C00095000;07/10/2025 14:56;95;122.9;163.15;166.45;0;0.00%;10;99;54.42%;TRUE;call;18/12/2026;439;0.368188513;2.49361837;
AAPL261218C00100000;10/03/2025 12:49;100;163.02;161.35;163.8;0.62;0.38%;110;3,319;64.42%;TRUE;call;18/12/2026;439;0.387566855;2.140881929;
AAPL261218C00105000;08/05/2025 15:24;105;104.25;154.15;156.3;0;0.00%;1;180;51.72%;TRUE;call;18/12/2026;439;0.406945198;2.375032011;
AAPL261218C00110000;9/29/2025 2:26 PM;110;150.11;151.25;154.45;0;0.00%;11;484;59.64%;TRUE;call;18/12/2026;439;0.426323541;2.071629897;
AAPL261218C00115000;8/27/2025 10:49 AM;115;120.5;144.5;147.75;0;0.00%;1;237;50.87%;TRUE;call;18/12/2026;439;0.445701884;2.2072906;
AAPL261218C00120000;9/26/2025 11:15 AM;120;141.29;141.95;144.9;0;0.00%;5;1,183;56.12%;TRUE;call;18/12/2026;439;0.465080226;1.983645362;
AAPL261218C00125000;9/22/2025 10:04 AM;125;133.41;138.4;140.55;0;0.00%;1;348;56.46%;TRUE;call;18/12/2026;439;0.484458569;1.896878978;
AAPL261218C00130000;10/01/2025 12:19;130;132.87;132.65;135;0;0.00%;15;1,415;52.25%;TRUE;call;18/12/2026;439;0.503836912;1.909626551;
AAPL261218C00135000;10/01/2025 12:20;135;128.26;128.1;131.4;0;0.00%;20;662;52.17%;TRUE;call;18/12/2026;439;0.523215255;1.832164223;
AAPL261218C00140000;10/02/2025 11:15;140;123.65;124.05;126.9;0;0.00%;2;1,031;51.47%;TRUE;call;18/12/2026;439;0.542593597;1.770296699;
AAPL261218C00145000;10/02/2025 12:34;145;120.37;119;122.45;0;0.00%;20;478;53.24%;TRUE;call;18/12/2026;439;0.56197194;1.662118458;
AAPL261218C00150000;10/03/2025 11:47;150;117.2;115.2;117.6;5.71;5.12%;1;515;51.12%;TRUE;call;18/12/2026;439;0.581350283;1.629774719;
AAPL261218C00155000;9/25/2025 10:02 AM;155;107.29;111.3;113.15;0;0.00%;1;295;49.80%;TRUE;call;18/12/2026;439;0.600728626;1.58312239;
AAPL261218C00160000;9/30/2025 11:30 AM;160;104.25;106.25;108.95;0;0.00%;2;1,032;48.90%;TRUE;call;18/12/2026;439;0.620106968;1.529076128;
AAPL261218C00165000;9/26/2025 3:19 PM;165;101.32;102.6;103.85;0;0.00%;6;484;46.45%;TRUE;call;18/12/2026;439;0.639485311;1.503905638;
AAPL261218C00170000;10/02/2025 15:19;170;98.35;98.35;99.45;0;0.00%;8;1,004;45.21%;TRUE;call;18/12/2026;439;0.658863654;1.456157708;
AAPL261218C00175000;10/01/2025 15:38;175;92.6;93.9;95.15;0;0.00%;7;827;44.10%;TRUE;call;18/12/2026;439;0.678241997;1.405897249;
AAPL261218C00180000;10/02/2025 13:59;180;89.4;89.85;90.9;0;0.00%;1;1,090;43.03%;TRUE;call;18/12/2026;439;0.69762034;1.354770069;
AAPL261218C00185000;10/03/2025 15:28;185;86.07;85.6;86.55;0.57;0.67%;2;1,281;41.78%;TRUE;call;18/12/2026;439;0.716998682;1.306648715;
AAPL261218C00190000;10/03/2025 15:33;190;82;81.65;82.35;0.15;0.18%;9;991;40.72%;TRUE;call;18/12/2026;439;0.736377025;1.25467531;
AAPL261218C00195000;10/03/2025 15:28;195;78.05;77.6;78.25;0.2;0.26%;18;1,343;39.74%;TRUE;call;18/12/2026;439;0.755755368;1.200847129;
AAPL261218C00200000;10/03/2025 15:37;200;73.97;73.75;74.2;-0.09;-0.12%;90;5,616;38.78%;TRUE;call;18/12/2026;439;0.775133711;1.146157181;
AAPL261218C00210000;10/03/2025 15:28;210;66.35;66.05;66.5;0.7;1.07%;21;6,084;37.18%;TRUE;call;18/12/2026;439;0.813890396;1.030008734;
AAPL261218C00220000;10/03/2025 15:30;220;58.95;58.65;59.1;0.55;0.94%;26;2,812;35.65%;TRUE;call;18/12/2026;439;0.852647082;0.910493575;
AAPL261218C00230000;10/03/2025 15:27;230;51.9;51.7;52.05;-0.1;-0.19%;38;5,385;34.22%;TRUE;call;18/12/2026;439;0.891403767;0.786827757;
AAPL261218C00240000;10/03/2025 15:28;240;45.35;45;45.5;0.12;0.27%;86;5,981;32.97%;TRUE;call;18/12/2026;439;0.930160453;0.658293991;
AAPL261218C00250000;10/03/2025 15:09;250;39.25;39;39.4;0.44;1.13%;143;10,140;31.83%;TRUE;call;18/12/2026;439;0.968917138;0.525917147;
AAPL261218C00260000;10/03/2025 15:56;260;33.35;33.4;33.75;-0.26;-0.77%;75;4,055;30.75%;FALSE;call;18/12/2026;439;1.007673824;0.390016373;
AAPL261218C00270000;10/03/2025 13:51;270;28.5;28.3;28.55;0.25;0.88%;81;4,574;29.70%;FALSE;call;18/12/2026;439;1.046430509;0.250355332;
AAPL261218C00280000;10/03/2025 15:53;280;23.75;23.75;24;-0.15;-0.63%;133;3,363;28.86%;FALSE;call;18/12/2026;439;1.085187195;0.108206626;
AAPL261218C00290000;10/03/2025 15:05;290;20.05;19.8;20;-0.15;-0.74%;55;4,511;28.13%;FALSE;call;18/12/2026;439;1.12394388;-0.03554382;
AAPL261218C00300000;10/03/2025 14:13;300;16.3;16.35;16.55;-0.32;-1.93%;415;7,340;27.50%;FALSE;call;18/12/2026;439;1.162700566;-0.179957037;
AAPL261218C00310000;10/03/2025 15:21;310;13.5;13.4;13.6;-0.1;-0.74%;2;691;26.97%;FALSE;call;18/12/2026;439;1.201457251;-0.323882909;
AAPL261218C00320000;10/03/2025 13:55;320;11.05;10.95;11.15;0.7;6.76%;55;2,490;26.55%;FALSE;call;18/12/2026;439;1.240213937;-0.465728765;
AAPL261218C00330000;10/03/2025 13:19;330;9.05;8.9;9.1;-0.11;-1.20%;18;1,352;26.21%;FALSE;call;18/12/2026;439;1.278970622;-0.605035606;
AAPL261218C00340000;10/02/2025 15:22;340;7.45;7.3;7.45;0;0.00%;25;736;25.98%;FALSE;call;18/12/2026;439;1.317727308;-0.739452573;
AAPL261218C00350000;10/03/2025 14:28;350;6.11;5.9;6.1;0.01;0.16%;36;4,453;25.82%;FALSE;call;18/12/2026;439;1.356483993;-0.869270314;
AAPL261218C00360000;10/02/2025 10:53;360;4.75;4.85;4.95;0;0.00%;1;2,132;25.64%;FALSE;call;18/12/2026;439;1.395240679;-0.998245265;
AAPL261218C00370000;10/03/2025 10:51;370;4.05;3.95;4.05;0.18;4.65%;5;1,754;25.55%;FALSE;call;18/12/2026;439;1.433997365;-1.120552005;
AAPL261218C00380000;9/25/2025 3:20 PM;380;3.45;3.2;3.35;0;0.00%;8;865;25.56%;FALSE;call;18/12/2026;439;1.47275405;-1.234401879;
AAPL261218C00390000;10/01/2025 09:49;390;2.59;2.65;2.72;0;0.00%;5;218;25.47%;FALSE;call;18/12/2026;439;1.511510736;-1.351794423;
AAPL261218C00400000;10/02/2025 10:59;400;2.19;2.18;2.26;-0.02;-0.90%;6;360;25.53%;FALSE;call;18/12/2026;439;1.550267421;-1.456580814;
AAPL261218C00410000;10/02/2025 14:43;410;1.92;1.82;1.87;0;0.00%;26;328;25.56%;FALSE;call;18/12/2026;439;1.589024107;-1.560419474;
AAPL261218C00420000;10/02/2025 10:59;420;1.52;1.46;1.58;0;0.00%;24;412;25.70%;FALSE;call;18/12/2026;439;1.627780792;-1.65290521;
AAPL261218C00430000;10/03/2025 09:30;430;1.31;1.26;1.33;0.01;0.77%;2;276;25.81%;FALSE;call;18/12/2026;439;1.666537478;-1.744392856;
AAPL261218C00440000;10/01/2025 11:36;440;1.08;1.05;1.13;0.02;1.89%;50;138;25.95%;FALSE;call;18/12/2026;439;1.705294163;-1.830294768;
AAPL261218C00450000;10/03/2025 14:15;450;0.92;0.89;0.95;-0.03;-3.16%;112;2,469;26.04%;FALSE;call;18/12/2026;439;1.744050849;-1.917426575;
AAPL261218P00005000;9/29/2025 11:14 AM;5;0.03;0;0.27;0;0.00%;1;104;151.56%;FALSE;put;18/12/2026;439;0.019378343;3.896676211;
AAPL261218P00010000;9/17/2025 12:08 PM;10;0.02;0;0.24;0;0.00%;1;93;119.53%;FALSE;put;18/12/2026;439;0.038756686;3.825789798;
AAPL261218P00015000;9/30/2025 12:56 PM;15;0.01;0;0.04;0;0.00%;1;615;85.94%;FALSE;put;18/12/2026;439;0.058135028;4.274032161;
AAPL261218P00020000;9/30/2025 12:56 PM;20;0.01;0.01;0.04;-0.03;-75.00%;1;2,866;78.91%;FALSE;put;18/12/2026;439;0.077513371;4.158120156;
AAPL261218P00025000;10/02/2025 14:08;25;0.03;0;0.45;0.02;200.00%;1;529;90.33%;FALSE;put;18/12/2026;439;0.096891714;3.502631396;
AAPL261218P00030000;10/02/2025 09:32;30;0.03;0;0.06;0;0.00%;1;1,385;66.80%;FALSE;put;18/12/2026;439;0.116270057;4.07204343;
AAPL261218P00035000;10/01/2025 09:33;35;0.04;0;0.27;0;0.00%;1;1,276;72.36%;FALSE;put;18/12/2026;439;0.135648399;3.596051958;
AAPL261218P00040000;9/17/2025 12:10 PM;40;0.07;0.01;0.15;0;0.00%;1;291;63.67%;FALSE;put;18/12/2026;439;0.155026742;3.734404978;
AAPL261218P00045000;9/17/2025 12:11 PM;45;0.09;0.03;0.14;0;0.00%;501;669;60.06%;FALSE;put;18/12/2026;439;0.174405085;3.694747048;
AAPL261218P00050000;10/02/2025 11:33;50;0.08;0.06;0.1;0;0.00%;10;1,904;56.06%;FALSE;put;18/12/2026;439;0.193783428;3.697614749;
AAPL261218P00060000;9/18/2025 9:33 AM;60;0.16;0.1;0.13;0;0.00%;3;1,150;51.95%;FALSE;put;18/12/2026;439;0.232540113;3.548903173;
AAPL261218P00070000;9/17/2025 12:13 PM;70;0.24;0.2;0.28;0;0.00%;1;179;50.88%;FALSE;put;18/12/2026;439;0.271296799;3.277014436;
AAPL261218P00080000;10/02/2025 09:51;80;0.3;0.28;0.32;0;0.00%;1;3,473;47.66%;FALSE;put;18/12/2026;439;0.310053484;3.14724329;
AAPL261218P00085000;9/29/2025 10:46 AM;85;0.33;0.34;0.37;0;0.00%;1;206;46.22%;FALSE;put;18/12/2026;439;0.329431827;3.08215933;
AAPL261218P00090000;9/22/2025 3:43 PM;90;0.4;0.37;0.44;0;0.00%;1;1,654;45.07%;FALSE;put;18/12/2026;439;0.34881017;3.006357761;
AAPL261218P00095000;10/03/2025 14:34;95;0.49;0.46;0.51;0.01;2.08%;4;2,517;43.85%;FALSE;put;18/12/2026;439;0.368188513;2.93846315;
AAPL261218P00100000;10/03/2025 15:18;100;0.59;0.54;0.59;0.01;1.72%;8;2,132;42.70%;FALSE;put;18/12/2026;439;0.387566855;2.870489846;
AAPL261218P00105000;10/03/2025 15:19;105;0.67;0.63;0.68;0.02;3.08%;8;2,680;41.60%;FALSE;put;18/12/2026;439;0.406945198;2.80306742;
AAPL261218P00110000;10/03/2025 15:20;110;0.78;0.73;0.79;-0.01;-1.27%;12;1,608;40.63%;FALSE;put;18/12/2026;439;0.426323541;2.731473887;
AAPL261218P00115000;10/03/2025 15:20;115;0.9;0.85;0.91;0.02;2.27%;12;1,361;39.65%;FALSE;put;18/12/2026;439;0.445701884;2.662949927;
AAPL261218P00120000;10/03/2025 15:21;120;1.04;0.99;1.05;0.02;1.96%;12;1,576;38.75%;FALSE;put;18/12/2026;439;0.465080226;2.592340008;
AAPL261218P00125000;10/03/2025 15:22;125;1.19;1.14;1.21;0.02;1.71%;14;3,189;37.88%;FALSE;put;18/12/2026;439;0.484458569;2.522086002;
AAPL261218P00130000;10/03/2025 15:22;130;1.38;1.31;1.38;0.05;3.76%;6;1,020;37.00%;FALSE;put;18/12/2026;439;0.503836912;2.454074925;
AAPL261218P00135000;10/03/2025 15:23;135;1.57;1.52;1.58;0.05;3.29%;8;1,495;36.19%;FALSE;put;18/12/2026;439;0.523215255;2.383832012;
AAPL261218P00140000;10/03/2025 15:24;140;1.8;1.75;1.81;-0.01;-0.55%;10;1,278;35.43%;FALSE;put;18/12/2026;439;0.542593597;2.312264656;
AAPL261218P00145000;10/03/2025 15:26;145;2.05;2;2.06;0.03;1.49%;8;1,066;34.67%;FALSE;put;18/12/2026;439;0.56197194;2.241816686;
AAPL261218P00150000;10/03/2025 15:26;150;2.32;2.28;2.35;0.05;2.20%;8;1,955;33.96%;FALSE;put;18/12/2026;439;0.581350283;2.169744269;
AAPL261218P00155000;10/03/2025 15:26;155;2.65;2.6;2.67;-0.02;-0.75%;10;699;33.26%;FALSE;put;18/12/2026;439;0.600728626;2.097961652;
AAPL261218P00160000;10/03/2025 15:34;160;3;2.94;3.05;0.01;0.33%;21;3,105;32.64%;FALSE;put;18/12/2026;439;0.620106968;2.022884237;
AAPL261218P00165000;10/01/2025 15:49;165;3.4;3.3;3.45;0;0.00%;9;1,422;31.98%;FALSE;put;18/12/2026;439;0.639485311;1.950313118;
AAPL261218P00170000;10/01/2025 13:00;170;3.85;3.75;3.9;0;0.00%;2;2,252;31.35%;FALSE;put;18/12/2026;439;0.658863654;1.876682144;
AAPL261218P00175000;9/30/2025 1:29 PM;175;4.55;4.25;4.4;0;0.00%;4;1,572;30.73%;FALSE;put;18/12/2026;439;0.678241997;1.802836191;
AAPL261218P00180000;10/03/2025 11:31;180;4.85;4.8;4.95;-0.05;-1.02%;26;3,840;30.12%;FALSE;put;18/12/2026;439;0.69762034;1.72864983;
AAPL261218P00185000;10/03/2025 11:00;185;5.38;5.4;5.55;-0.12;-2.18%;26;1,342;29.51%;FALSE;put;18/12/2026;439;0.716998682;1.654431447;
AAPL261218P00190000;10/03/2025 11:25;190;6;6.05;6.2;-0.05;-0.83%;40;3,014;28.89%;FALSE;put;18/12/2026;439;0.736377025;1.580437729;
AAPL261218P00195000;10/02/2025 14:26;195;6.75;6.8;6.95;-0.1;-1.46%;2;1,647;28.34%;FALSE;put;18/12/2026;439;0.755755368;1.503267606;
AAPL261218P00200000;10/03/2025 15:47;200;7.7;7.6;7.75;-0.05;-0.65%;43;9,573;27.76%;FALSE;put;18/12/2026;439;0.775133711;1.42692677;
AAPL261218P00210000;10/03/2025 11:42;210;9.4;9.5;9.65;-0.2;-2.08%;2;2,627;26.71%;FALSE;put;18/12/2026;439;0.813890396;1.268574954;
AAPL261218P00220000;10/03/2025 13:59;220;12;11.7;11.9;0.03;0.25%;66;7,690;25.67%;FALSE;put;18/12/2026;439;0.852647082;1.107233493;
AAPL261218P00230000;10/03/2025 12:13;230;14.45;14.3;14.55;-0.23;-1.57%;28;2,825;24.64%;FALSE;put;18/12/2026;439;0.891403767;0.941804999;
AAPL261218P00240000;10/03/2025 13:06;240;17.45;17.45;17.7;-0.42;-2.35%;70;5,097;23.66%;FALSE;put;18/12/2026;439;0.930160453;0.770353575;
AAPL261218P00250000;10/03/2025 15:25;250;21.25;21.05;21.35;-0.27;-1.25%;46;805;22.68%;FALSE;put;18/12/2026;439;0.968917138;0.593046464;
AAPL261218P00260000;10/03/2025 15:23;260;25.38;25.25;25.55;-0.42;-1.63%;60;2,695;21.70%;TRUE;put;18/12/2026;439;1.007673824;0.408401342;
AAPL261218P00270000;10/03/2025 15:47;270;30.2;30;30.35;-0.21;-0.69%;53;1,397;20.72%;TRUE;put;18/12/2026;439;1.046430509;0.21473719;
AAPL261218P00280000;10/03/2025 12:45;280;35.27;35.45;35.8;-0.83;-2.30%;12;212;19.73%;TRUE;put;18/12/2026;439;1.085187195;0.00998568;
AAPL261218P00290000;10/03/2025 14:41;290;41.46;41.55;41.9;-0.74;-1.75%;24;32;18.72%;TRUE;put;18/12/2026;439;1.12394388;-0.208725713;
AAPL261218P00300000;10/03/2025 14:01;300;49;48.25;48.95;-1.01;-2.02%;32;21;17.96%;TRUE;put;18/12/2026;439;1.162700566;-0.434796664;
AAPL261218P00310000;10/01/2025 15:24;310;57.62;55.35;56.5;0;0.00%;4;40;17.03%;TRUE;put;18/12/2026;439;1.201457251;-0.682288211;
AAPL261218P00320000;10/01/2025 15:25;320;65.92;63.45;64.6;0;0.00%;4;12;15.96%;TRUE;put;18/12/2026;439;1.240213937;-0.960762728;
AAPL261218P00330000;9/30/2025 12:55 PM;330;76.38;72.45;73.4;0;0.00%;6;28;15.08%;TRUE;put;18/12/2026;439;1.278970622;-1.252543376;
AAPL261218P00340000;9/19/2025 10:56 AM;340;97;81.7;83.25;0;0.00%;10;0;16.05%;TRUE;put;18/12/2026;439;1.317727308;-1.368413435;
AAPL261218P00350000;9/19/2025 12:54 PM;350;104.49;90.95;93.15;0;0.00%;5;0;17.03%;TRUE;put;18/12/2026;439;1.356483993;-1.463779809;
AAPL261218P00360000;09/03/2025 10:17;360;123.5;101.2;103.05;0;0.00%;20;0;17.92%;TRUE;put;18/12/2026;439;1.395240679;-1.55203176;
AAPL261218P00380000;08/08/2025 12:09;380;153.5;123.55;125.7;0;0.00%;20;0;26.33%;TRUE;put;18/12/2026;439;1.47275405;-1.188296053;
AAPL261218P00390000;08/07/2025 09:34;390;172;133.55;135.7;0;0.00%;0;0;27.55%;TRUE;put;18/12/2026;439;1.511510736;-1.223338532;
AAPL261218P00400000;9/22/2025 10:47 AM;400;147;140.9;143.1;0;0.00%;20;0;22.38%;TRUE;put;18/12/2026;439;1.550267421;-1.706060038;
AAPL261218P00410000;08/08/2025 11:57;410;184;153.5;155.75;0;0.00%;20;0;29.96%;TRUE;put;18/12/2026;439;1.589024107;-1.277483986;
AAPL261218P00440000;01/03/2025 10:21;440;197.3;202.2;206.15;0;0.00%;4;0;56.84%;TRUE;put;18/12/2026;439;1.705294163;-0.538891606;
AAPL261218P00450000;9/25/2025 3:24 PM;450;193.1;190.85;193.15;0;0.00%;1;0;27.18%;TRUE;put;18/12/2026;439;1.744050849;-1.822285964;
AAPL270115C00005000;10/02/2025 13:41;5;252.84;251.15;254.5;0;0.00%;261;743;231.15%;TRUE;call;15/01/2027;467;0.019378343;3.633727485;
AAPL270115C00010000;9/15/2025 2:16 PM;10;226.44;246.15;249.55;0;0.00%;100;128;176.27%;TRUE;call;15/01/2027;467;0.038756686;3.402380764;
AAPL270115C00015000;9/15/2025 2:16 PM;15;221.56;241.25;244.65;0;0.00%;100;182;151.17%;TRUE;call;15/01/2027;467;0.058135028;3.270505065;
AAPL270115C00020000;8/14/2025 11:05 AM;20;209.76;233.9;237.6;0;0.00%;2;31;0.00%;TRUE;call;15/01/2027;467;0.077513371;296500.2038;
AAPL270115C00025000;5/23/2025 1:36 PM;25;172.1;174.8;178.65;0;0.00%;3;5;0.00%;TRUE;call;15/01/2027;467;0.096891714;271259.7971;
AAPL270115C00030000;08/08/2025 09:57;30;192.4;224.4;228.1;0;0.00%;3;4;71.09%;TRUE;call;15/01/2027;467;0.116270057;4.040001572;
AAPL270115C00035000;05/06/2025 12:43;35;165.98;165.3;169.2;0;0.00%;1;5;0.00%;TRUE;call;15/01/2027;467;0.135648399;233200.458;
AAPL270115C00040000;9/19/2025 10:46 AM;40;202.69;217.45;220.85;0;0.00%;1;30;88.40%;TRUE;call;15/01/2027;467;0.155026742;3.106805891;
AAPL270115C00045000;08/08/2025 10:13;45;179.5;210.2;213.9;0;0.00%;1;1;79.22%;TRUE;call;15/01/2027;467;0.174405085;3.158092423;
AAPL270115C00050000;9/22/2025 1:58 PM;50;206.44;208;211.4;0;0.00%;16;63;83.69%;TRUE;call;15/01/2027;467;0.193783428;2.909979283;
AAPL270115C00060000;9/26/2025 1:13 PM;60;199.95;198.55;201.95;0;0.00%;10;121;78.92%;TRUE;call;15/01/2027;467;0.232540113;2.753429321;
AAPL270115C00070000;9/16/2025 3:48 PM;70;172.7;189.1;192.5;0;0.00%;1;162;74.34%;TRUE;call;15/01/2027;467;0.271296799;2.620191351;
AAPL270115C00080000;9/18/2025 11:48 AM;80;161.92;179.7;183.05;0;0.00%;1;287;70.13%;TRUE;call;15/01/2027;467;0.310053484;2.49935577;
AAPL270115C00085000;6/18/2025 12:08 PM;85;117.68;129.05;132.5;0;0.00%;1;166;0.00%;TRUE;call;15/01/2027;467;0.329431827;132835.0502;
AAPL270115C00090000;9/18/2025 1:14 PM;90;152.14;170.5;173.7;0;0.00%;2;271;66.74%;TRUE;call;15/01/2027;467;0.34881017;2.376380476;
AAPL270115C00095000;09/08/2025 12:53;95;147;166.25;169;0;0.00%;1;16;65.65%;TRUE;call;15/01/2027;467;0.368188513;2.306775001;
AAPL270115C00100000;9/26/2025 3:21 PM;100;160.86;161.65;164.35;0;0.00%;31;502;63.97%;TRUE;call;15/01/2027;467;0.387566855;2.252026381;
AAPL270115C00105000;9/25/2025 12:05 PM;105;153.35;156.9;159.65;0;0.00%;1;63;61.97%;TRUE;call;15/01/2027;467;0.406945198;2.206240344;
AAPL270115C00110000;09/05/2025 13:03;110;135;152;154.95;0;0.00%;1;44;59.80%;TRUE;call;15/01/2027;467;0.426323541;2.16633161;
AAPL270115C00115000;9/29/2025 1:28 PM;115;144.72;147.45;150.4;0;0.00%;1;64;58.42%;TRUE;call;15/01/2027;467;0.445701884;2.111230259;
AAPL270115C00120000;9/22/2025 2:44 PM;120;142.18;142.7;145.7;0;0.00%;2;572;56.56%;TRUE;call;15/01/2027;467;0.465080226;2.068184406;
AAPL270115C00125000;9/23/2025 1:09 PM;125;136.77;137.85;141.2;0;0.00%;1;216;54.87%;TRUE;call;15/01/2027;467;0.484458569;2.022896937;
AAPL270115C00130000;9/26/2025 9:46 AM;130;132.2;133.3;136.1;-1.28;-0.96%;1;364;52.84%;TRUE;call;15/01/2027;467;0.503836912;1.986710947;
AAPL270115C00135000;9/26/2025 11:07 AM;135;128.18;129.1;132.05;0;0.00%;1;1,571;52.48%;TRUE;call;15/01/2027;467;0.523215255;1.913769024;
AAPL270115C00140000;9/24/2025 2:14 PM;140;119.85;125.25;127.55;0;0.00%;150;1,568;51.88%;TRUE;call;15/01/2027;467;0.542593597;1.847877987;
AAPL270115C00145000;10/03/2025 13:41;145;121.6;120.45;122.75;1.6;1.33%;1;6,388;52.20%;TRUE;call;15/01/2027;467;0.56197194;1.765128756;
AAPL270115C00150000;10/03/2025 14:54;150;117.56;115.8;118.3;1.66;1.43%;5;1,626;50.86%;TRUE;call;15/01/2027;467;0.581350283;1.716589399;
AAPL270115C00155000;10/02/2025 12:18;155;112.5;111.3;113.75;0;0.00%;3;141;49.34%;TRUE;call;15/01/2027;467;0.600728626;1.671964286;
AAPL270115C00160000;10/03/2025 14:54;160;108.65;107.65;108.7;4.6;4.42%;4;656;46.99%;TRUE;call;15/01/2027;467;0.620106968;1.644295467;
AAPL270115C00165000;10/02/2025 09:43;165;100.8;103.45;104.4;0;0.00%;1;342;45.93%;TRUE;call;15/01/2027;467;0.639485311;1.590944654;
AAPL270115C00170000;10/03/2025 15:37;170;99.6;99.1;100.1;1.1;1.12%;686;718;44.84%;TRUE;call;15/01/2027;467;0.658863654;1.538345974;
AAPL270115C00175000;10/01/2025 13:02;175;94.2;94.75;95.8;0;0.00%;7;1,535;43.71%;TRUE;call;15/01/2027;467;0.678241997;1.486537361;
AAPL270115C00180000;10/02/2025 15:48;180;91.6;90.8;91.65;0.97;1.07%;2;873;42.77%;TRUE;call;15/01/2027;467;0.69762034;1.430953195;
AAPL270115C00185000;10/03/2025 15:25;185;86.85;86.5;87.45;1.08;1.26%;7;694;41.72%;TRUE;call;15/01/2027;467;0.716998682;1.377295804;
AAPL270115C00190000;10/03/2025 12:40;190;82.93;82.55;83.3;0.08;0.10%;9;922;40.70%;TRUE;call;15/01/2027;467;0.736377025;1.322751092;
AAPL270115C00195000;10/03/2025 14:35;195;79.15;78.65;79.2;1.85;2.39%;7;721;39.71%;TRUE;call;15/01/2027;467;0.755755368;1.267232705;
AAPL270115C00200000;10/03/2025 15:10;200;75.02;74.7;75.2;0.11;0.15%;339;12,755;38.79%;TRUE;call;15/01/2027;467;0.775133711;1.209989479;
AAPL270115C00210000;10/03/2025 14:30;210;67.57;67.05;67.35;0.27;0.40%;20;2,427;36.98%;TRUE;call;15/01/2027;467;0.813890396;1.093142194;
AAPL270115C00220000;10/03/2025 15:42;220;60.15;59.75;60.3;0.5;0.84%;39;7,581;35.80%;TRUE;call;15/01/2027;467;0.852647082;0.964833967;
AAPL270115C00230000;10/03/2025 15:57;230;52.8;52.75;53.05;-0.13;-0.25%;48;9,124;34.15%;TRUE;call;15/01/2027;467;0.891403767;0.839763266;
AAPL270115C00240000;10/03/2025 15:48;240;46.5;46.25;46.55;0.2;0.43%;55;7,693;32.94%;TRUE;call;15/01/2027;467;0.930160453;0.706635414;
AAPL270115C00250000;10/03/2025 15:51;250;40.12;40.15;40.45;-0.03;-0.07%;351;10,720;31.80%;TRUE;call;15/01/2027;467;0.968917138;0.56997314;
AAPL270115C00260000;10/03/2025 15:50;260;34.6;34.55;34.85;0.1;0.29%;443;11,969;30.77%;FALSE;call;15/01/2027;467;1.007673824;0.429722349;
AAPL270115C00270000;10/03/2025 14:31;270;29.8;29.45;29.75;-0.1;-0.33%;282;6,160;29.83%;FALSE;call;15/01/2027;467;1.046430509;0.286341642;
AAPL270115C00280000;10/03/2025 15:51;280;24.9;24.95;25.15;0.05;0.20%;513;8,282;28.98%;FALSE;call;15/01/2027;467;1.085187195;0.140315163;
AAPL270115C00290000;10/03/2025 15:19;290;21.1;20.9;21.15;0.09;0.43%;15;2,167;28.28%;FALSE;call;15/01/2027;467;1.12394388;-0.006819226;
AAPL270115C00300000;10/03/2025 15:36;300;17.35;17.4;17.65;-0.15;-0.86%;314;17,498;27.66%;FALSE;call;15/01/2027;467;1.162700566;-0.154677497;
AAPL270115C00310000;10/03/2025 15:36;310;14.5;14.4;14.6;-0.1;-0.68%;110;2,027;27.10%;FALSE;call;15/01/2027;467;1.201457251;-0.302918464;
AAPL270115C00320000;10/03/2025 15:38;320;12;11.9;12.1;-0.05;-0.41%;240;7,211;26.71%;FALSE;call;15/01/2027;467;1.240213937;-0.447472644;
AAPL270115C00330000;10/03/2025 15:18;330;9.85;9.75;9.95;-0.13;-1.30%;35;3,820;26.34%;FALSE;call;15/01/2027;467;1.278970622;-0.591289318;
AAPL270115C00340000;10/03/2025 14:46;340;8.22;8.05;8.2;-0.03;-0.36%;4;1,037;26.08%;FALSE;call;15/01/2027;467;1.317727308;-0.730437196;
AAPL270115C00350000;10/03/2025 15:00;350;6.72;6.6;6.7;0;0.00%;158;8,005;25.82%;FALSE;call;15/01/2027;467;1.356483993;-0.868558302;
AAPL270115C00360000;10/03/2025 15:53;360;5.44;5.45;5.6;-0.21;-3.72%;3;2,324;25.79%;FALSE;call;15/01/2027;467;1.395240679;-0.993553437;
AAPL270115C00370000;10/03/2025 14:27;370;4.58;4.45;4.6;0.18;4.09%;5;2,673;25.66%;FALSE;call;15/01/2027;467;1.433997365;-1.121246791;
AAPL270115C00380000;10/02/2025 14:27;380;3.85;3.65;3.8;0;0.00%;7;1,243;25.59%;FALSE;call;15/01/2027;467;1.47275405;-1.243202547;
AAPL270115C00390000;10/03/2025 11:11;390;3.25;3.05;3.15;0.15;4.84%;101;1,123;25.56%;FALSE;call;15/01/2027;467;1.511510736;-1.360043127;
AAPL270115C00400000;10/03/2025 14:14;400;2.58;2.54;2.62;-0.05;-1.90%;68;2,504;25.57%;FALSE;call;15/01/2027;467;1.550267421;-1.471359439;
AAPL270115C00410000;10/02/2025 11:05;410;2.11;2.11;2.18;0;0.00%;2;1,214;25.58%;FALSE;call;15/01/2027;467;1.589024107;-1.579824205;
AAPL270115C00420000;10/03/2025 13:00;420;1.86;1.77;1.84;-0.03;-1.59%;2;1,820;25.67%;FALSE;call;15/01/2027;467;1.627780792;-1.679165136;
AAPL270115C00430000;10/03/2025 15:10;430;1.52;1.49;1.55;-0.04;-2.56%;46;613;25.74%;FALSE;call;15/01/2027;467;1.666537478;-1.776986463;
AAPL270115C00440000;10/03/2025 14:02;440;1.28;1.24;1.3;-0.03;-2.29%;14;1,461;25.79%;FALSE;call;15/01/2027;467;1.705294163;-1.873644847;
AAPL270115C00450000;10/03/2025 14:59;450;1.11;1.09;1.12;-0.04;-3.48%;469;17,034;25.95%;FALSE;call;15/01/2027;467;1.744050849;-1.95773718;
AAPL270115P00005000;9/30/2025 11:45 AM;5;0.02;0;0.02;0;0.00%;1;1,055;112.50%;FALSE;put;15/01/2027;467;0.019378343;4.843439268;
AAPL270115P00010000;10/03/2025 14:55;10;0.03;0;0.24;0;0.00%;2;141;115.82%;FALSE;put;15/01/2027;467;0.038756686;4.075021707;
AAPL270115P00015000;10/01/2025 09:32;15;0.02;0;0.04;0;0.00%;1;82;83.59%;FALSE;put;15/01/2027;467;0.058135028;4.541192757;
AAPL270115P00020000;10/02/2025 12:57;20;0.02;0;0.05;0;0.00%;1;3,437;76.17%;FALSE;put;15/01/2027;467;0.077513371;4.443743048;
AAPL270115P00025000;10/03/2025 13:22;25;0.01;0;0.05;-0.02;-66.67%;1;2,620;69.53%;FALSE;put;15/01/2027;467;0.096891714;4.404413495;
AAPL270115P00030000;9/18/2025 2:28 PM;30;0.05;0;0.06;0;0.00%;1;33;64.84%;FALSE;put;15/01/2027;467;0.116270057;4.334604977;
AAPL270115P00035000;9/18/2025 2:28 PM;35;0.06;0;0.18;0;0.00%;1;20;66.99%;FALSE;put;15/01/2027;467;0.135648399;3.965826671;
AAPL270115P00040000;9/23/2025 10:35 AM;40;0.05;0.02;0.2;0;0.00%;30;1,022;63.87%;FALSE;put;15/01/2027;467;0.155026742;3.876816438;
AAPL270115P00045000;9/18/2025 2:29 PM;45;0.1;0.03;0.12;0;0.00%;1;85;57.42%;FALSE;put;15/01/2027;467;0.174405085;3.981684473;
AAPL270115P00050000;9/23/2025 1:19 PM;50;0.09;0.07;0.14;0;0.00%;151;2,241;56.06%;FALSE;put;15/01/2027;467;0.193783428;3.845773053;
AAPL270115P00060000;9/23/2025 12:11 PM;60;0.16;0.16;0.19;0;0.00%;6;571;52.88%;FALSE;put;15/01/2027;467;0.232540113;3.639645967;
AAPL270115P00070000;9/25/2025 3:36 PM;70;0.22;0.21;0.27;0;0.00%;1;150;50.10%;FALSE;put;15/01/2027;467;0.271296799;3.452227767;
AAPL270115P00080000;9/24/2025 12:32 PM;80;0.37;0.29;0.36;0;0.00%;16;700;46.95%;FALSE;put;15/01/2027;467;0.310053484;3.315025488;
AAPL270115P00085000;9/24/2025 12:33 PM;85;0.4;0.36;0.42;0;0.00%;7;162;45.63%;FALSE;put;15/01/2027;467;0.329431827;3.241261925;
AAPL270115P00090000;9/29/2025 10:15 AM;90;0.46;0.42;0.49;0;0.00%;1;1,582;44.41%;FALSE;put;15/01/2027;467;0.34881017;3.166822941;
AAPL270115P00095000;9/18/2025 2:32 PM;95;0.6;0.5;0.57;0;0.00%;1;901;43.24%;FALSE;put;15/01/2027;467;0.368188513;3.093915269;
AAPL270115P00100000;10/03/2025 15:59;100;0.62;0.59;0.67;-0.02;-3.12%;679;3,419;42.25%;FALSE;put;15/01/2027;467;0.387566855;3.014594072;
AAPL270115P00105000;10/02/2025 09:51;105;0.74;0.68;0.75;0;0.00%;2;2,351;40.99%;FALSE;put;15/01/2027;467;0.406945198;2.954108426;
AAPL270115P00110000;9/26/2025 10:38 AM;110;0.83;0.79;0.87;0;0.00%;2;383;40.04%;FALSE;put;15/01/2027;467;0.426323541;2.878869319;
AAPL270115P00115000;9/29/2025 9:50 AM;115;0.98;0.93;1;0;0.00%;1;880;39.09%;FALSE;put;15/01/2027;467;0.445701884;2.806292025;
AAPL270115P00120000;10/01/2025 11:48;120;1.11;1.08;1.14;0;0.00%;1;2,516;38.14%;FALSE;put;15/01/2027;467;0.465080226;2.736053177;
AAPL270115P00125000;10/03/2025 12:24;125;1.28;1.24;1.31;-0.01;-0.78%;296;553;37.29%;FALSE;put;15/01/2027;467;0.484458569;2.662153104;
AAPL270115P00130000;10/03/2025 15:15;130;1.46;1.43;1.5;0;0.00%;28;3,752;36.48%;FALSE;put;15/01/2027;467;0.503836912;2.587801518;
AAPL270115P00135000;10/01/2025 12:37;135;1.65;1.64;1.71;0;0.00%;2;1,486;35.67%;FALSE;put;15/01/2027;467;0.523215255;2.515033747;
AAPL270115P00140000;10/03/2025 15:11;140;1.89;1.88;1.95;0;0.00%;1;2,106;34.91%;FALSE;put;15/01/2027;467;0.542593597;2.440834059;
AAPL270115P00145000;10/01/2025 14:58;145;2.15;2.13;2.22;0;0.00%;5;11,347;34.19%;FALSE;put;15/01/2027;467;0.56197194;2.36561247;
AAPL270115P00150000;10/03/2025 15:57;150;2.52;2.43;2.52;0.01;0.40%;273;3,852;33.48%;FALSE;put;15/01/2027;467;0.581350283;2.290859871;
AAPL270115P00155000;10/03/2025 15:50;155;2.83;2.77;2.85;-0.05;-1.74%;188;547;32.78%;FALSE;put;15/01/2027;467;0.600728626;2.216396462;
AAPL270115P00160000;10/03/2025 15:50;160;3.2;3.1;3.25;0.01;0.31%;17;5,727;32.18%;FALSE;put;15/01/2027;467;0.620106968;2.13736249;
AAPL270115P00165000;10/03/2025 15:50;165;3.64;3.55;3.65;0.01;0.28%;20;3,693;31.49%;FALSE;put;15/01/2027;467;0.639485311;2.063569979;
AAPL270115P00170000;10/03/2025 13:17;170;4;4;4.15;-0.1;-2.44%;51;8,401;30.95%;FALSE;put;15/01/2027;467;0.658863654;1.982589752;
AAPL270115P00175000;10/03/2025 12:17;175;4.48;4.5;4.65;-0.12;-2.61%;17;3,192;30.30%;FALSE;put;15/01/2027;467;0.678241997;1.907401551;
AAPL270115P00180000;10/03/2025 13:44;180;5.16;5.1;5.2;-0.04;-0.77%;77;8,656;29.67%;FALSE;put;15/01/2027;467;0.69762034;1.831292774;
AAPL270115P00185000;10/02/2025 09:39;185;6.01;5.7;5.85;0;0.00%;1;4,607;29.13%;FALSE;put;15/01/2027;467;0.716998682;1.750964339;
AAPL270115P00190000;10/03/2025 15:01;190;6.46;6.4;6.55;-0.09;-1.37%;25;7,139;28.57%;FALSE;put;15/01/2027;467;0.736377025;1.671520021;
AAPL270115P00195000;10/02/2025 14:26;195;7.25;7.15;7.3;0;0.00%;22;2,318;28.00%;FALSE;put;15/01/2027;467;0.755755368;1.592282434;
AAPL270115P00200000;10/03/2025 12:39;200;8;8;8.15;-0.2;-2.44%;45;17,431;27.47%;FALSE;put;15/01/2027;467;0.775133711;1.511011153;
AAPL270115P00210000;10/03/2025 15:00;210;9.96;9.9;10.05;-0.13;-1.29%;14;10,563;26.39%;FALSE;put;15/01/2027;467;0.813890396;1.347779916;
AAPL270115P00220000;10/03/2025 15:48;220;12.32;12.15;12.35;-0.08;-0.65%;536;9,641;25.38%;FALSE;put;15/01/2027;467;0.852647082;1.179184135;
AAPL270115P00230000;10/03/2025 14:06;230;15.31;14.85;15.1;-0.04;-0.26%;12;4,079;24.44%;FALSE;put;15/01/2027;467;0.891403767;1.004947389;
AAPL270115P00240000;10/03/2025 14:59;240;18.04;18;18.25;-0.41;-2.22%;24;5,447;23.46%;FALSE;put;15/01/2027;467;0.930160453;0.827253179;
AAPL270115P00250000;10/03/2025 15:07;250;21.8;21.65;21.9;-0.3;-1.36%;277;4,331;22.48%;FALSE;put;15/01/2027;467;0.968917138;0.64342782;
AAPL270115P00260000;10/03/2025 14:20;260;25.95;25.8;26.1;-0.55;-2.08%;78;2,431;21.52%;TRUE;put;15/01/2027;467;1.007673824;0.451785035;
AAPL270115P00270000;10/03/2025 14:40;270;30.68;30.6;30.9;-0.96;-3.03%;61;1,953;20.56%;TRUE;put;15/01/2027;467;1.046430509;0.251039293;
AAPL270115P00280000;10/03/2025 13:05;280;36.16;36;36.35;-0.54;-1.47%;8;836;19.63%;TRUE;put;15/01/2027;467;1.085187195;0.039605446;
AAPL270115P00290000;10/03/2025 12:35;290;42.91;42.05;43.9;0.31;0.73%;16;749;20.03%;TRUE;put;15/01/2027;467;1.12394388;-0.153611182;
AAPL270115P00300000;10/03/2025 15:15;300;49;48.75;49.15;-0.4;-0.81%;43;344;17.63%;TRUE;put;15/01/2027;467;1.162700566;-0.429116436;
AAPL270115P00310000;10/03/2025 13:04;310;56.21;56.15;56.55;-0.82;-1.44%;16;58;16.58%;TRUE;put;15/01/2027;467;1.201457251;-0.695654251;
AAPL270115P00320000;10/03/2025 12:51;320;63.8;64.15;64.6;-1.09;-1.68%;8;69;15.48%;TRUE;put;15/01/2027;467;1.240213937;-0.993542697;
AAPL270115P00330000;10/03/2025 12:26;330;72.72;72.75;73.2;-0.98;-1.33%;3;44;14.15%;TRUE;put;15/01/2027;467;1.278970622;-1.353041109;
AAPL270115P00340000;10/02/2025 13:13;340;81.78;82;82.4;-0.76;-0.92%;2;13;12.77%;TRUE;put;15/01/2027;467;1.317727308;-1.784705823;
AAPL270115P00350000;10/01/2025 11:44;350;94.38;90.85;93.2;0;0.00%;2;5;16.66%;TRUE;put;15/01/2027;467;1.356483993;-1.515087575;
AAPL270115P00370000;01/06/2025 12:52;370;125.25;140.65;144.35;0;0.00%;0;0;53.06%;TRUE;put;15/01/2027;467;1.433997365;-0.24809404;
AAPL270115P00390000;08/08/2025 12:42;390;161;133.5;135.75;0;0.00%;40;0;26.81%;TRUE;put;15/01/2027;467;1.511510736;-1.278965704;
AAPL270115P00400000;08/08/2025 09:55;400;179;143.5;145.75;0;0.00%;10;0;27.95%;TRUE;put;15/01/2027;467;1.550267421;-1.31309712;
AAPL270115P00410000;12/10/2024 09:30;410;162.74;171.3;175.1;0;0.00%;0;0;50.32%;TRUE;put;15/01/2027;467;1.589024107;-0.533085122;
AAPL270115P00420000;9/22/2025 11:20 AM;420;165;160.8;163.15;0;0.00%;20;0;23.76%;TRUE;put;15/01/2027;467;1.627780792;-1.842895827;
AAPL270115P00430000;11/14/2024 11:22 AM;430;203.3;179.5;184.5;0;0.00%;3;0;43.59%;TRUE;put;15/01/2027;467;1.666537478;-0.843893307;
AAPL270115P00440000;7/31/2025 9:57 AM;440;231;183.45;185.8;0;0.00%;4;0;32.22%;TRUE;put;15/01/2027;467;1.705294163;-1.415970195;
AAPL270115P00450000;06/09/2025 12:26;450;245.9;0;0;0;0.00%;1;0;0.00%;TRUE;put;15/01/2027;467;1.744050849;-55678.43741;
AAPL270617C00050000;9/24/2025 10:05 AM;50;205.48;208.45;211.85;0;0.00%;5;10;76.22%;TRUE;call;17/06/2027;620;0.193783428;3.794931354;
AAPL270617C00055000;06/11/2025 13:44;55;148.46;158.6;159.95;0;0.00%;2;4;0.00%;TRUE;call;17/06/2027;620;0.21316177;212523.1699;
AAPL270617C00060000;8/21/2025 12:52 PM;60;167.54;196.7;200.35;0;0.00%;1;4;52.69%;TRUE;call;17/06/2027;620;0.232540113;4.401413283;
AAPL270617C00065000;9/29/2025 3:37 PM;65;193;194.5;197.9;0;0.00%;1;4;70.15%;TRUE;call;17/06/2027;620;0.251918456;3.495664304;
AAPL270617C00070000;04/09/2025 10:33;70;116;131.9;136.5;0;0.00%;1;0;0.00%;TRUE;call;17/06/2027;620;0.271296799;181092.1559;
AAPL270617C00075000;7/21/2025 12:21 PM;75;143;182.8;186.5;0;0.00%;1;42;54.81%;TRUE;call;17/06/2027;620;0.290675141;3.746601257;
AAPL270617C00080000;9/23/2025 12:22 PM;80;180.6;180.65;184.05;0;0.00%;1;231;64.81%;TRUE;call;17/06/2027;620;0.310053484;3.243042362;
AAPL270617C00085000;06/05/2025 15:10;85;124.85;132.5;136.55;0;0.00%;1;0;0.00%;TRUE;call;17/06/2027;620;0.329431827;155787.5102;
AAPL270617C00090000;7/30/2025 1:14 PM;90;124.8;169.05;172.75;0;0.00%;3;15;53.28%;TRUE;call;17/06/2027;620;0.34881017;3.37384954;
AAPL270617C00095000;9/22/2025 2:01 PM;95;165.15;166.95;170.25;0;0.00%;1;40;60.02%;TRUE;call;17/06/2027;620;0.368188513;3.018418708;
AAPL270617C00100000;10/01/2025 13:43;100;162.64;162.6;165.7;0;0.00%;2;135;58.83%;TRUE;call;17/06/2027;620;0.387566855;2.939229486;
AAPL270617C00105000;9/22/2025 10:51 AM;105;155;158.05;161.15;0;0.00%;1;30;57.35%;TRUE;call;17/06/2027;620;0.406945198;2.871014693;
AAPL270617C00110000;10/02/2025 11:33;110;154.5;153.2;156.65;0;0.00%;5;42;55.59%;TRUE;call;17/06/2027;620;0.426323541;2.813265047;
AAPL270617C00115000;9/23/2025 11:26 AM;115;148;148.7;152.15;0;0.00%;1;101;54.27%;TRUE;call;17/06/2027;620;0.445701884;2.745361486;
AAPL270617C00120000;08/08/2025 13:44;120;118.4;142.2;145.5;0;0.00%;12;73;52.03%;TRUE;call;17/06/2027;620;0.465080226;2.706288241;
AAPL270617C00125000;9/22/2025 3:57 PM;125;140.33;140;143.2;0;0.00%;1;111;51.99%;TRUE;call;17/06/2027;620;0.484458569;2.605151538;
AAPL270617C00130000;9/26/2025 11:36 AM;130;135.57;135.8;138.75;0;0.00%;1;228;50.99%;TRUE;call;17/06/2027;620;0.503836912;2.533639376;
AAPL270617C00135000;9/25/2025 1:13 PM;135;129.05;131.6;134.35;0;0.00%;1;94;50.01%;TRUE;call;17/06/2027;620;0.523215255;2.463026043;
AAPL270617C00140000;9/22/2025 2:02 PM;140;124.98;127.1;129.95;0;0.00%;2;239;51.10%;TRUE;call;17/06/2027;620;0.542593597;2.341608008;
AAPL270617C00145000;10/02/2025 14:52;145;124.02;122.85;125.5;0;0.00%;1;119;49.73%;TRUE;call;17/06/2027;620;0.56197194;2.283402741;
AAPL270617C00150000;10/03/2025 15:38;150;119.69;118.15;121.35;2.21;1.88%;1;191;48.81%;TRUE;call;17/06/2027;620;0.581350283;2.215360025;
AAPL270617C00155000;10/03/2025 10:39;155;115.69;115.1;116.05;3.83;3.42%;1;152;46.22%;TRUE;call;17/06/2027;620;0.600728626;2.188093821;
AAPL270617C00160000;9/25/2025 11:17 AM;160;107.89;110.9;111.8;0;0.00%;10;205;45.18%;TRUE;call;17/06/2027;620;0.620106968;2.123587506;
AAPL270617C00165000;9/25/2025 9:30 AM;165;103;106.7;107.6;0;0.00%;1;170;44.19%;TRUE;call;17/06/2027;620;0.639485311;2.058244941;
AAPL270617C00170000;10/02/2025 13:01;170;102.67;102.6;103.45;0;0.00%;3;234;43.23%;TRUE;call;17/06/2027;620;0.658863654;1.992462176;
AAPL270617C00175000;10/03/2025 10:39;175;99.21;98.5;99.35;0.43;0.44%;1;259;42.32%;TRUE;call;17/06/2027;620;0.678241997;1.925672269;
AAPL270617C00180000;10/03/2025 14:54;180;95.44;94.45;95.5;0.94;0.99%;8;977;41.67%;TRUE;call;17/06/2027;620;0.69762034;1.853099271;
AAPL270617C00185000;10/03/2025 15:08;185;91.1;90.6;91.45;0.18;0.20%;4;146;40.74%;TRUE;call;17/06/2027;620;0.716998682;1.786926384;
AAPL270617C00190000;10/03/2025 15:07;190;87.27;86.65;87.5;0.67;0.77%;9;659;39.90%;TRUE;call;17/06/2027;620;0.736377025;1.718644442;
AAPL270617C00195000;10/03/2025 15:09;195;83.36;82.95;83.55;0.64;0.77%;2;348;39.02%;TRUE;call;17/06/2027;620;0.755755368;1.650942649;
AAPL270617C00200000;10/03/2025 15:31;200;79.36;79.2;79.8;0.28;0.35%;17;7,222;38.31%;TRUE;call;17/06/2027;620;0.775133711;1.579545296;
AAPL270617C00210000;10/03/2025 13:49;210;71.85;71.85;72.5;0;0.00%;10;4,135;36.95%;TRUE;call;17/06/2027;620;0.813890396;1.434928865;
AAPL270617C00220000;10/03/2025 14:43;220;64.62;65;65.5;-0.23;-0.35%;14;2,655;35.67%;TRUE;call;17/06/2027;620;0.852647082;1.287602751;
AAPL270617C00230000;10/03/2025 15:16;230;58.7;58.35;58.85;0.4;0.69%;20;2,963;34.50%;TRUE;call;17/06/2027;620;0.891403767;1.137005111;
AAPL270617C00240000;10/03/2025 15:26;240;52.1;51.8;52.8;0.1;0.19%;62;1,019;33.60%;TRUE;call;17/06/2027;620;0.930160453;0.982188041;
AAPL270617C00250000;10/03/2025 15:02;250;46.61;46.2;46.55;0.51;1.11%;90;2,133;32.32%;TRUE;call;17/06/2027;620;0.968917138;0.827575978;
AAPL270617C00260000;10/03/2025 15:41;260;41.1;40.8;41.1;0.45;1.11%;196;1,680;31.43%;FALSE;call;17/06/2027;620;1.007673824;0.668395127;
AAPL270617C00270000;10/03/2025 15:48;270;35.95;35.8;36.05;-0.05;-0.14%;59;1,210;30.60%;FALSE;call;17/06/2027;620;1.046430509;0.50716172;
AAPL270617C00280000;10/03/2025 14:33;280;31.5;31.25;31.5;0.23;0.74%;166;917;29.89%;FALSE;call;17/06/2027;620;1.085187195;0.344732166;
AAPL270617C00290000;10/03/2025 15:02;290;27.49;27.1;27.35;0.29;1.07%;32;1,028;29.23%;FALSE;call;17/06/2027;620;1.12394388;0.181278666;
AAPL270617C00300000;10/03/2025 14:59;300;23.82;23.4;23.65;0.39;1.66%;162;3,999;28.65%;FALSE;call;17/06/2027;620;1.162700566;0.017762186;
AAPL270617C00310000;10/03/2025 15:15;310;20.4;20.15;20.4;-0.15;-0.73%;9;156;28.16%;FALSE;call;17/06/2027;620;1.201457251;-0.144625087;
AAPL270617C00320000;10/03/2025 15:00;320;17.68;17.3;17.55;0.33;1.90%;14;915;27.75%;FALSE;call;17/06/2027;620;1.240213937;-0.305012193;
AAPL270617C00330000;10/03/2025 15:21;330;14.94;14.8;15.05;-0.11;-0.73%;1;2,403;27.38%;FALSE;call;17/06/2027;620;1.278970622;-0.463851206;
AAPL270617C00340000;10/03/2025 15:01;340;12.95;12.6;12.85;0.39;3.11%;4;940;27.04%;FALSE;call;17/06/2027;620;1.317727308;-0.621142382;
AAPL270617C00350000;10/03/2025 14:37;350;11.02;10.75;11;0.11;1.01%;17;2,838;26.80%;FALSE;call;17/06/2027;620;1.356483993;-0.773006165;
AAPL270617C00360000;10/03/2025 15:00;360;9.49;9.15;9.4;0.44;4.86%;17;213;26.58%;FALSE;call;17/06/2027;620;1.395240679;-0.922421609;
AAPL270617C00370000;9/29/2025 3:50 PM;370;7.5;7.8;8;0;0.00%;42;113;26.36%;FALSE;call;17/06/2027;620;1.433997365;-1.070473979;
AAPL270617C00380000;10/03/2025 14:47;380;6.88;6.65;6.85;0.25;3.77%;2;199;26.24%;FALSE;call;17/06/2027;620;1.47275405;-1.210485467;
AAPL270617C00390000;10/03/2025 14:25;390;5.8;5.7;5.85;0.4;7.41%;2;195;26.11%;FALSE;call;17/06/2027;620;1.511510736;-1.349052432;
AAPL270617C00400000;10/03/2025 15:08;400;4.95;4.85;5.05;-0.15;-2.94%;27;1,002;26.08%;FALSE;call;17/06/2027;620;1.550267421;-1.47778643;
AAPL270617C00410000;10/03/2025 11:46;410;4.4;4.15;4.3;0.45;11.39%;10;243;25.97%;FALSE;call;17/06/2027;620;1.589024107;-1.61040209;
AAPL270617C00420000;10/03/2025 14:48;420;3.71;3.6;3.75;0.31;9.12%;18;469;26.02%;FALSE;call;17/06/2027;620;1.627780792;-1.726899321;
AAPL270617C00430000;10/03/2025 15:11;430;3.1;3.05;3.2;0.17;5.80%;3;273;25.93%;FALSE;call;17/06/2027;620;1.666537478;-1.853155246;
AAPL270617C00440000;10/03/2025 11:59;440;2.78;2.65;2.78;0.12;4.51%;3;192;25.97%;FALSE;call;17/06/2027;620;1.705294163;-1.96478559;
AAPL270617C00450000;10/03/2025 15:32;450;2.36;2.31;2.4;-0.08;-3.28%;222;2,678;25.96%;FALSE;call;17/06/2027;620;1.744050849;-2.078583882;
AAPL270617P00050000;9/30/2025 11:29 AM;50;0.23;0.14;0.23;0;0.00%;25;758;51.86%;FALSE;put;17/06/2027;620;0.193783428;4.911523901;
AAPL270617P00055000;09/08/2025 15:17;55;0.27;0.21;0.28;0;0.00%;2;18;50.64%;FALSE;put;17/06/2027;620;0.21316177;4.757220136;
AAPL270617P00060000;9/24/2025 10:08 AM;60;0.27;0.26;0.32;0;0.00%;2;64;49.56%;FALSE;put;17/06/2027;620;0.232540113;4.607900711;
AAPL270617P00065000;8/25/2025 1:07 PM;65;0.38;0.31;0.4;0;0.00%;1;29;48.39%;FALSE;put;17/06/2027;620;0.251918456;4.477516519;
AAPL270617P00070000;9/24/2025 10:33 AM;70;0.41;0.38;0.44;0;0.00%;6;20;46.48%;FALSE;put;17/06/2027;620;0.271296799;4.410556762;
AAPL270617P00075000;9/29/2025 10:15 AM;75;0.46;0.44;0.51;0;0.00%;20;423;45.09%;FALSE;put;17/06/2027;620;0.290675141;4.315854461;
AAPL270617P00080000;9/26/2025 11:50 AM;80;0.54;0.52;0.59;0;0.00%;2;154;43.80%;FALSE;put;17/06/2027;620;0.310053484;4.221946356;
AAPL270617P00085000;9/23/2025 1:23 PM;85;0.61;0.6;0.68;0;0.00%;2;69;42.60%;FALSE;put;17/06/2027;620;0.329431827;4.128459134;
AAPL270617P00090000;9/25/2025 11:00 AM;90;0.73;0.7;0.78;0;0.00%;2;61;41.46%;FALSE;put;17/06/2027;620;0.34881017;4.036713334;
AAPL270617P00095000;9/24/2025 9:59 AM;95;0.87;0.81;0.9;0;0.00%;12;157;40.43%;FALSE;put;17/06/2027;620;0.368188513;3.942168919;
AAPL270617P00100000;10/02/2025 12:10;100;0.94;0.95;1.03;0;0.00%;1;1,165;39.43%;FALSE;put;17/06/2027;620;0.387566855;3.850186066;
AAPL270617P00105000;9/29/2025 10:08 AM;105;1.14;1.09;1.18;0;0.00%;7;431;38.50%;FALSE;put;17/06/2027;620;0.406945198;3.757188845;
AAPL270617P00110000;10/01/2025 13:01;110;1.29;1.25;1.35;0;0.00%;7;74;37.63%;FALSE;put;17/06/2027;620;0.426323541;3.66345125;
AAPL270617P00115000;10/01/2025 13:08;115;1.49;1.44;1.54;0;0.00%;5;46;36.80%;FALSE;put;17/06/2027;620;0.445701884;3.570066749;
AAPL270617P00120000;10/01/2025 15:29;120;1.71;1.65;1.75;0;0.00%;23;436;36.00%;FALSE;put;17/06/2027;620;0.465080226;3.477416653;
AAPL270617P00125000;9/30/2025 2:16 PM;125;1.98;1.89;1.99;0;0.00%;12;532;35.25%;FALSE;put;17/06/2027;620;0.484458569;3.383692808;
AAPL270617P00130000;9/30/2025 2:23 PM;130;2.28;2.14;2.25;0;0.00%;13;402;34.52%;FALSE;put;17/06/2027;620;0.503836912;3.290839322;
AAPL270617P00135000;10/01/2025 13:16;135;2.49;2.42;2.59;0;0.00%;5;468;33.96%;FALSE;put;17/06/2027;620;0.523215255;3.187768486;
AAPL270617P00140000;10/02/2025 13:05;140;2.77;2.76;2.87;0;0.00%;20;180;33.15%;FALSE;put;17/06/2027;620;0.542593597;3.104528469;
AAPL270617P00145000;10/02/2025 13:56;145;3.15;3.1;3.25;0;0.00%;3;212;32.55%;FALSE;put;17/06/2027;620;0.56197194;3.007844784;
AAPL270617P00150000;9/29/2025 3:40 PM;150;3.65;3.5;3.65;0;0.00%;18;2,268;31.92%;FALSE;put;17/06/2027;620;0.581350283;2.914705414;
AAPL270617P00155000;10/01/2025 13:00;155;4;3.9;4.1;0;0.00%;1;151;31.34%;FALSE;put;17/06/2027;620;0.600728626;2.819329697;
AAPL270617P00160000;10/01/2025 13:06;160;4.5;4.4;4.55;0;0.00%;3;1,189;30.68%;FALSE;put;17/06/2027;620;0.620106968;2.730342619;
AAPL270617P00165000;10/02/2025 12:02;165;4.94;4.9;5.1;0;0.00%;2;1,289;30.14%;FALSE;put;17/06/2027;620;0.639485311;2.634138486;
AAPL270617P00170000;10/03/2025 12:54;170;5.55;5.5;5.65;-0.11;-1.94%;1;1,448;29.54%;FALSE;put;17/06/2027;620;0.658863654;2.542513979;
AAPL270617P00175000;10/02/2025 12:02;175;6.12;6.15;6.3;0;0.00%;2;1,131;29.02%;FALSE;put;17/06/2027;620;0.678241997;2.446274513;
AAPL270617P00180000;10/01/2025 15:18;180;7;6.8;7;0;0.00%;17;2,251;28.50%;FALSE;put;17/06/2027;620;0.69762034;2.350467793;
AAPL270617P00185000;10/01/2025 15:13;185;7.75;7.55;7.75;0;0.00%;13;389;27.98%;FALSE;put;17/06/2027;620;0.716998682;2.254909475;
AAPL270617P00190000;10/01/2025 15:29;190;8.7;8.4;8.55;0;0.00%;17;744;27.45%;FALSE;put;17/06/2027;620;0.736377025;2.159983467;
AAPL270617P00195000;10/02/2025 14:26;195;9.35;9.3;9.45;-0.05;-0.53%;1;2,579;26.96%;FALSE;put;17/06/2027;620;0.755755368;2.062725969;
AAPL270617P00200000;10/03/2025 14:06;200;10.55;10.25;10.45;0.09;0.86%;8;3,830;26.52%;FALSE;put;17/06/2027;620;0.775133711;1.962707451;
AAPL270617P00210000;10/02/2025 14:33;210;12.65;12.45;12.65;0;0.00%;70;1,212;25.60%;FALSE;put;17/06/2027;620;0.813890396;1.764121455;
AAPL270617P00220000;10/03/2025 14:40;220;15.01;14.95;15.15;-0.16;-1.05%;2;1,034;24.66%;FALSE;put;17/06/2027;620;0.852647082;1.564302694;
AAPL270617P00230000;10/03/2025 15:53;230;18.13;17.8;18.1;0;0.00%;13;807;23.80%;FALSE;put;17/06/2027;620;0.891403767;1.358029783;
AAPL270617P00240000;10/03/2025 14:59;240;21.3;21.2;21.45;-0.25;-1.16%;53;314;22.95%;FALSE;put;17/06/2027;620;0.930160453;1.147476147;
AAPL270617P00250000;10/03/2025 15:17;250;25.15;24.85;25.2;-0.1;-0.40%;9;294;22.06%;FALSE;put;17/06/2027;620;0.968917138;0.9325004;
AAPL270617P00260000;10/03/2025 15:36;260;29.46;29.2;29.5;0;0.00%;59;413;21.23%;TRUE;put;17/06/2027;620;1.007673824;0.709455626;
AAPL270617P00270000;10/03/2025 15:32;270;34.25;33.95;34.3;0.01;0.03%;19;688;20.39%;TRUE;put;17/06/2027;620;1.046430509;0.47848022;
AAPL270617P00280000;10/03/2025 15:33;280;39.45;39.2;39.6;-0.06;-0.15%;18;702;19.52%;TRUE;put;17/06/2027;620;1.085187195;0.237307405;
AAPL270617P00290000;10/03/2025 15:35;290;45.3;44.75;45.5;-0.4;-0.88%;8;40;18.68%;TRUE;put;17/06/2027;620;1.12394388;-0.015857578;
AAPL270617P00300000;10/03/2025 15:15;300;51.75;50.45;51.95;-0.03;-0.06%;15;55;17.80%;TRUE;put;17/06/2027;620;1.162700566;-0.284817971;
AAPL270617P00310000;10/03/2025 12:52;310;58.23;58.4;58.95;-0.67;-1.14%;6;119;16.87%;TRUE;put;17/06/2027;620;1.201457251;-0.574981877;
AAPL270617P00320000;10/03/2025 12:51;320;65.74;66;67.5;-1.84;-2.72%;6;5;16.98%;TRUE;put;17/06/2027;620;1.240213937;-0.812505512;
AAPL270617P00330000;10/01/2025 13:42;330;75.75;74.1;74.65;0;0.00%;2;6;14.84%;TRUE;put;17/06/2027;620;1.278970622;-1.250689208;
AAPL270617P00340000;9/26/2025 11:35 AM;340;85.25;82.5;84.1;0;0.00%;2;2;15.18%;TRUE;put;17/06/2027;620;1.317727308;-1.471528292;
AAPL270617P00350000;2/21/2025 10:53 AM;350;104.7;126.05;130.95;0;0.00%;1;0;49.48%;TRUE;put;17/06/2027;620;1.356483993;-0.03166256;
AAPL270617P00360000;10/03/2025 11:05;360;102.14;100.75;103.35;-61.28;-37.50%;6;0;15.87%;TRUE;put;17/06/2027;620;1.395240679;-1.861990089;
AAPL270617P00380000;5/22/2025 2:40 PM;380;178.27;176.5;181.5;0;0.00%;2;0;67.50%;TRUE;put;17/06/2027;620;1.47275405;0.163690083;
AAPL270617P00390000;2/19/2025 12:07 PM;390;144.62;169;174;0;0.00%;4;0;55.76%;TRUE;put;17/06/2027;620;1.511510736;-0.149826002;
AAPL270617P00400000;6/23/2025 2:14 PM;400;198;143.5;145.65;0;0.00%;10;0;24.13%;TRUE;put;17/06/2027;620;1.550267421;-1.642119095;
AAPL270617P00410000;2/14/2025 9:39 AM;410;166.68;194.5;199.45;0;0.00%;3;0;62.49%;TRUE;put;17/06/2027;620;1.589024107;-0.097023139;
AAPL270617P00420000;9/22/2025 12:00 PM;420;164;160.85;163.15;0;0.00%;20;0;20.68%;TRUE;put;17/06/2027;620;1.627780792;-2.306280798;
AAPL270617P00430000;02/12/2025 09:45;430;198.33;215.5;220.5;0;0.00%;3;0;65.65%;TRUE;put;17/06/2027;620;1.666537478;-0.118631104;
AAPL270617P00440000;03/03/2025 09:30;440;197.65;0;0;0;0.00%;1;0;0.00%;TRUE;put;17/06/2027;620;1.705294163;-58493.5772;
AAPL270617P00450000;09/12/2025 09:46;450;220.65;190.85;193.15;0;0.00%;15;0;22.95%;TRUE;put;17/06/2027;620;1.744050849;-2.422194588;
AAPL271217C00050000;9/23/2025 9:49 AM;50;209.5;209;214;0;0.00%;6;239;74.77%;TRUE;call;17/12/2027;803;0.193783428;4.693440392;
AAPL271217C00055000;9/22/2025 2:32 PM;55;203;204.5;209.5;0;0.00%;3;326;72.77%;TRUE;call;17/12/2027;803;0.21316177;4.562009097;
AAPL271217C00060000;9/22/2025 2:43 PM;60;199.76;200;204.5;0;0.00%;46;252;69.79%;TRUE;call;17/12/2027;803;0.232540113;4.47256296;
AAPL271217C00065000;09/08/2025 12:54;65;176.2;195.5;200;0;0.00%;4;21;67.99%;TRUE;call;17/12/2027;803;0.251918456;4.356841163;
AAPL271217C00070000;09/11/2025 12:19;70;163.6;190.5;195.5;0;0.00%;1;104;65.36%;TRUE;call;17/12/2027;803;0.271296799;4.276431633;
AAPL271217C00075000;08/07/2025 10:40;75;148.9;184;187.9;0;0.00%;1;71;54.49%;TRUE;call;17/12/2027;803;0.290675141;4.551626559;
AAPL271217C00080000;9/26/2025 9:44 AM;80;182.17;181.5;186.45;0;0.00%;100;201;62.02%;TRUE;call;17/12/2027;803;0.310053484;4.075464087;
AAPL271217C00085000;9/19/2025 12:43 PM;85;166.75;177.05;182;0;0.00%;1;286;60.58%;TRUE;call;17/12/2027;803;0.329431827;3.976358905;
AAPL271217C00090000;09/03/2025 10:24;90;153.85;173;177.45;0;0.00%;1;39;59.53%;TRUE;call;17/12/2027;803;0.34881017;3.869515833;
AAPL271217C00095000;09/10/2025 14:10;95;139.75;168.5;172.85;0;0.00%;2;70;57.86%;TRUE;call;17/12/2027;803;0.368188513;3.787319422;
AAPL271217C00100000;10/03/2025 15:15;100;166;164;169;3.05;1.87%;4;397;57.04%;TRUE;call;17/12/2027;803;0.387566855;3.681436346;
AAPL271217C00105000;9/30/2025 9:55 AM;105;158.58;159.5;164.4;0;0.00%;1;62;55.42%;TRUE;call;17/12/2027;803;0.406945198;3.604834618;
AAPL271217C00110000;9/22/2025 3:04 PM;110;154.85;155;159.35;0;0.00%;1;175;53.41%;TRUE;call;17/12/2027;803;0.426323541;3.544483769;
AAPL271217C00115000;9/24/2025 2:38 PM;115;146.55;150.5;155.5;0;0.00%;2;389;52.57%;TRUE;call;17/12/2027;803;0.445701884;3.448073332;
AAPL271217C00120000;10/03/2025 12:18;120;149.93;146.55;150.95;4.88;3.36%;110;237;51.58%;TRUE;call;17/12/2027;803;0.465080226;3.359255133;
AAPL271217C00125000;10/02/2025 15:02;125;144.05;142.3;147;0;0.00%;11;439;50.80%;TRUE;call;17/12/2027;803;0.484458569;3.26599723;
AAPL271217C00130000;10/03/2025 12:39;130;140.55;138.4;141.75;1.29;0.93%;10;368;51.78%;TRUE;call;17/12/2027;803;0.503836912;3.123515773;
AAPL271217C00135000;9/25/2025 9:30 AM;135;132.48;133.5;137.5;0;0.00%;2;115;50.62%;TRUE;call;17/12/2027;803;0.523215255;3.04622391;
AAPL271217C00140000;10/01/2025 10:37;140;128.9;129.05;133.95;0;0.00%;300;564;50.41%;TRUE;call;17/12/2027;803;0.542593597;2.945042608;
AAPL271217C00145000;9/29/2025 3:59 PM;145;122.95;125.5;129.65;0;0.00%;9;528;49.16%;TRUE;call;17/12/2027;803;0.56197194;2.872743299;
AAPL271217C00150000;10/03/2025 15:21;150;123.09;121.25;125.45;0.71;0.58%;2;773;48.04%;TRUE;call;17/12/2027;803;0.581350283;2.798074532;
AAPL271217C00155000;9/30/2025 9:55 AM;155;116.15;117.25;121.35;0;0.00%;2;160;47.04%;TRUE;call;17/12/2027;803;0.600728626;2.721189144;
AAPL271217C00160000;10/02/2025 15:17;160;114.35;113.3;117.5;0;0.00%;51;407;46.31%;TRUE;call;17/12/2027;803;0.620106968;2.638390545;
AAPL271217C00165000;9/29/2025 9:50 AM;165;111.4;109.8;112.15;3.55;3.29%;1;364;43.92%;TRUE;call;17/12/2027;803;0.639485311;2.59793242;
AAPL271217C00170000;9/29/2025 10:23 AM;170;103.93;105.8;108.4;0;0.00%;4;716;43.31%;TRUE;call;17/12/2027;803;0.658863654;2.512241693;
AAPL271217C00175000;10/02/2025 10:45;175;101.67;102.05;105.3;0;0.00%;1;430;43.31%;TRUE;call;17/12/2027;803;0.678241997;2.412970225;
AAPL271217C00180000;10/03/2025 11:44;180;99.95;98.05;100.45;2.85;2.94%;2;1,026;41.52%;TRUE;call;17/12/2027;803;0.69762034;2.356692263;
AAPL271217C00185000;10/03/2025 15:45;185;95.39;94.3;96.65;1.37;1.46%;5;2,608;40.77%;TRUE;call;17/12/2027;803;0.716998682;2.275669227;
AAPL271217C00190000;10/03/2025 15:53;190;91.5;90.8;92.85;0.05;0.05%;2;1,146;40.00%;TRUE;call;17/12/2027;803;0.736377025;2.195220817;
AAPL271217C00195000;10/03/2025 12:47;195;88.55;87.2;89.1;1.65;1.90%;1;489;39.24%;TRUE;call;17/12/2027;803;0.755755368;2.114514131;
AAPL271217C00200000;10/03/2025 11:02;200;84.15;83.6;85.65;0.07;0.08%;5;4,781;38.71%;TRUE;call;17/12/2027;803;0.775133711;2.029044403;
AAPL271217C00205000;10/03/2025 10:50;205;81;80.1;82;0;0.00%;25;1,174;37.98%;TRUE;call;17/12/2027;803;0.794512053;1.947563204;
AAPL271217C00210000;10/03/2025 15:21;210;77.24;76.65;78.55;-0.06;-0.08%;5;1,145;37.38%;TRUE;call;17/12/2027;803;0.813890396;1.863470911;
AAPL271217C00215000;10/03/2025 15:21;215;73.94;73.25;75.3;1.66;2.30%;12;1,167;36.90%;TRUE;call;17/12/2027;803;0.833268739;1.777364555;
AAPL271217C00220000;10/03/2025 15:54;220;70.35;70;71.8;0.05;0.07%;54;1,775;36.19%;TRUE;call;17/12/2027;803;0.852647082;1.69461821;
AAPL271217C00225000;10/03/2025 14:53;225;67.84;66.75;68.7;1.42;2.14%;19;2,485;35.76%;TRUE;call;17/12/2027;803;0.872025424;1.607669503;
AAPL271217C00230000;10/03/2025 11:34;230;64.06;63.65;65.45;-0.44;-0.68%;20;2,228;35.16%;TRUE;call;17/12/2027;803;0.891403767;1.522641218;
AAPL271217C00235000;10/03/2025 12:36;235;61.03;60.65;62;0.08;0.13%;24;584;34.39%;TRUE;call;17/12/2027;803;0.91078211;1.438571648;
AAPL271217C00240000;10/03/2025 11:59;240;58.44;57.6;59.75;0.75;1.30%;1;822;34.44%;TRUE;call;17/12/2027;803;0.930160453;1.347444738;
AAPL271217C00245000;10/02/2025 14:03;245;55.72;54.9;56.55;0.63;1.14%;1;727;33.76%;TRUE;call;17/12/2027;803;0.949538795;1.261583885;
AAPL271217C00250000;10/03/2025 14:03;250;52.79;51.95;53.75;0.15;0.28%;34;5,486;33.33%;TRUE;call;17/12/2027;803;0.968917138;1.173834834;
AAPL271217C00255000;10/03/2025 13:47;255;49.61;49.55;50.55;0.01;0.02%;5;621;32.58%;TRUE;call;17/12/2027;803;0.988295481;1.085950013;
AAPL271217C00260000;10/03/2025 15:51;260;47.3;46.75;48;0.15;0.32%;71;2,681;32.23%;FALSE;call;17/12/2027;803;1.007673824;0.99689934;
AAPL271217C00265000;10/03/2025 11:16;265;44.75;44.2;45.35;0.08;0.18%;10;889;31.77%;FALSE;call;17/12/2027;803;1.027052166;0.907286877;
AAPL271217C00270000;10/03/2025 14:02;270;42.3;41.7;43.5;0.18;0.43%;16;2,910;31.80%;FALSE;call;17/12/2027;803;1.046430509;0.820226928;
AAPL271217C00275000;10/03/2025 13:20;275;39.95;39.7;40.1;0.62;1.58%;21;539;30.75%;FALSE;call;17/12/2027;803;1.065808852;0.724880978;
AAPL271217C00280000;10/03/2025 14:01;280;37.58;37.5;37.85;0.38;1.02%;37;2,484;30.42%;FALSE;call;17/12/2027;803;1.085187195;0.634064588;
AAPL271217C00285000;10/03/2025 12:24;285;35.97;35.35;35.7;0.77;2.19%;21;432;30.11%;FALSE;call;17/12/2027;803;1.104565538;0.543238208;
AAPL271217C00290000;10/03/2025 13:59;290;33.52;33.3;33.65;0.32;0.96%;177;1,733;29.82%;FALSE;call;17/12/2027;803;1.12394388;0.452508737;
AAPL271217C00295000;10/03/2025 13:59;295;31.61;31.35;31.7;0.25;0.80%;3;268;29.55%;FALSE;call;17/12/2027;803;1.143322223;0.361991201;
AAPL271217C00300000;10/03/2025 14:43;300;30;29.5;29.85;0.6;2.04%;21;5,421;29.29%;FALSE;call;17/12/2027;803;1.162700566;0.271574608;
AAPL271217C00305000;10/03/2025 11:16;305;28.2;27.7;28.05;0.33;1.18%;1;721;29.03%;FALSE;call;17/12/2027;803;1.182078909;0.181033875;
AAPL271217C00310000;10/03/2025 13:13;310;26.63;26.05;26.4;0.43;1.64%;2;674;28.82%;FALSE;call;17/12/2027;803;1.201457251;0.091792514;
AAPL271217C00315000;10/03/2025 13:13;315;25.09;24.45;24.8;0.47;1.91%;2;647;28.59%;FALSE;call;17/12/2027;803;1.220835594;0.001989222;
AAPL271217C00320000;10/03/2025 11:19;320;23.2;22.95;23.25;0.07;0.30%;11;617;28.36%;FALSE;call;17/12/2027;803;1.240213937;-0.087891924;
AAPL271217C00325000;10/02/2025 15:50;325;21.55;21.5;21.85;0;0.00%;9;299;28.19%;FALSE;call;17/12/2027;803;1.25959228;-0.175559621;
AAPL271217C00330000;10/02/2025 12:02;330;20.66;20.15;20.5;0.16;0.78%;2;360;28.00%;FALSE;call;17/12/2027;803;1.278970622;-0.263845109;
AAPL271217C00335000;10/03/2025 13:23;335;19.37;18.9;19.2;0.29;1.52%;2;208;27.81%;FALSE;call;17/12/2027;803;1.298348965;-0.35207005;
AAPL271217C00340000;10/03/2025 11:27;340;18.07;17.7;18;0.13;0.72%;4;207;27.65%;FALSE;call;17/12/2027;803;1.317727308;-0.438813647;
AAPL271217C00345000;10/03/2025 13:58;345;16.74;16.55;16.85;0.12;0.72%;3;86;27.49%;FALSE;call;17/12/2027;803;1.337105651;-0.525369624;
AAPL271217C00350000;10/03/2025 14:00;350;15.65;15.5;15.8;-0.24;-1.51%;15;757;27.36%;FALSE;call;17/12/2027;803;1.356483993;-0.610119289;
AAPL271217C00355000;10/03/2025 11:26;355;14.58;14.5;14.8;0.54;3.85%;11;1,603;27.22%;FALSE;call;17/12/2027;803;1.375862336;-0.69512769;
AAPL271217C00360000;10/03/2025 11:32;360;13.65;13.6;13.85;0.21;1.56%;20;393;27.09%;FALSE;call;17/12/2027;803;1.395240679;-0.779290662;
AAPL271217C00365000;9/30/2025 11:26 AM;365;12.15;12.7;13;0;0.00%;1;103;27.00%;FALSE;call;17/12/2027;803;1.414619022;-0.860600448;
AAPL271217C00370000;10/03/2025 15:52;370;11.97;11.9;12.15;-0.13;-1.07%;3;192;26.87%;FALSE;call;17/12/2027;803;1.433997365;-0.944117498;
AAPL271217C00375000;10/02/2025 13:42;375;11.32;11.1;11.4;0;0.00%;1;212;26.79%;FALSE;call;17/12/2027;803;1.453375707;-1.023865452;
AAPL271217C00380000;10/02/2025 12:45;380;10.55;10.4;11.65;0;0.00%;1;218;27.55%;FALSE;call;17/12/2027;803;1.47275405;-1.042471397;
AAPL271217C00385000;10/03/2025 11:29;385;9.83;9.7;10;0.26;2.72%;10;139;26.62%;FALSE;call;17/12/2027;803;1.492132393;-1.182600714;
AAPL271217C00390000;10/02/2025 14:41;390;9.4;9.1;9.35;0;0.00%;1;121;26.52%;FALSE;call;17/12/2027;803;1.511510736;-1.262493963;
AAPL271217C00395000;10/03/2025 13:20;395;8.8;8.5;8.75;0.75;9.32%;3;79;26.44%;FALSE;call;17/12/2027;803;1.530889078;-1.340389319;
AAPL271217C00400000;10/03/2025 11:53;400;8.25;7.95;8.2;0.29;3.64%;4;4,523;26.38%;FALSE;call;17/12/2027;803;1.550267421;-1.416120631;
AAPL271217C00405000;10/02/2025 09:32;405;7.5;7.45;7.7;0;0.00%;1;132;26.33%;FALSE;call;17/12/2027;803;1.569645764;-1.490419556;
AAPL271217C00410000;10/02/2025 10:05;410;6.6;6.95;7.2;0;0.00%;69;98;26.26%;FALSE;call;17/12/2027;803;1.589024107;-1.56598192;
AAPL271217C00415000;10/02/2025 14:39;415;6.8;6.5;6.75;0;0.00%;2;90;26.21%;FALSE;call;17/12/2027;803;1.608402449;-1.639195194;
AAPL271217C00420000;10/02/2025 11:36;420;6.25;6.1;7.3;0;0.00%;1;269;27.25%;FALSE;call;17/12/2027;803;1.627780792;-1.608533419;
AAPL271217C00425000;10/02/2025 10:05;425;5.4;4.7;6.1;0;0.00%;2;105;26.32%;FALSE;call;17/12/2027;803;1.647159135;-1.762940425;
AAPL271217C00430000;10/02/2025 10:05;430;5.49;3.35;5.55;0.44;8.71%;1;335;26.06%;FALSE;call;17/12/2027;803;1.666537478;-1.855622035;
AAPL271217C00435000;10/03/2025 13:18;435;5.2;5;5.2;0.15;2.97%;2;217;26.02%;FALSE;call;17/12/2027;803;1.68591582;-1.925679373;
AAPL271217C00440000;10/03/2025 14:54;440;4.85;4.65;4.9;0.05;1.04%;100;9,742;26.02%;FALSE;call;17/12/2027;803;1.705294163;-1.990824815;
AAPL271217P00050000;10/02/2025 14:40;50;0.27;0.23;0.33;0;0.00%;42;486;49.10%;FALSE;put;17/12/2027;803;0.193783428;6.090565651;
AAPL271217P00055000;09/03/2025 15:01;55;0.39;0.29;0.39;0;0.00%;5;31;47.36%;FALSE;put;17/12/2027;803;0.21316177;5.95801609;
AAPL271217P00060000;9/18/2025 10:29 AM;60;0.44;0.36;0.46;0;0.00%;1;104;45.80%;FALSE;put;17/12/2027;803;0.232540113;5.827395283;
AAPL271217P00065000;9/29/2025 10:16 AM;65;0.5;0.43;0.54;0.01;2.04%;4;381;44.41%;FALSE;put;17/12/2027;803;0.251918456;5.696390199;
AAPL271217P00070000;9/22/2025 11:33 AM;70;0.56;0.2;0.63;0;0.00%;10;196;43.10%;FALSE;put;17/12/2027;803;0.271296799;5.571099515;
AAPL271217P00075000;9/23/2025 3:33 PM;75;0.67;0.65;0.72;0;0.00%;2;88;41.80%;FALSE;put;17/12/2027;803;0.290675141;5.456469089;
AAPL271217P00080000;9/29/2025 12:55 PM;80;0.81;0.53;0.84;0.01;1.25%;1;276;40.72%;FALSE;put;17/12/2027;803;0.310053484;5.330398169;
AAPL271217P00085000;10/02/2025 10:24;85;0.94;0.85;0.96;0;0.00%;3;78;39.62%;FALSE;put;17/12/2027;803;0.329431827;5.215041147;
AAPL271217P00090000;9/24/2025 12:55 PM;90;1.09;1;1.1;0;0.00%;7;75;38.64%;FALSE;put;17/12/2027;803;0.34881017;5.095515798;
AAPL271217P00095000;9/18/2025 11:20 AM;95;1.37;1.15;1.26;0;0.00%;1;33;37.72%;FALSE;put;17/12/2027;803;0.368188513;4.976807031;
AAPL271217P00100000;10/03/2025 09:59;100;1.4;1.33;1.81;0.01;0.72%;12;772;38.56%;FALSE;put;17/12/2027;803;0.387566855;4.698207205;
AAPL271217P00105000;9/24/2025 12:28 PM;105;1.67;1.53;1.85;0;0.00%;4;113;36.93%;FALSE;put;17/12/2027;803;0.406945198;4.655252935;
AAPL271217P00110000;10/02/2025 13:03;110;1.8;1.76;2.07;0;0.00%;1;984;36.05%;FALSE;put;17/12/2027;803;0.426323541;4.548424584;
AAPL271217P00115000;9/29/2025 3:50 PM;115;2.07;2.01;2.13;0;0.00%;1;880;34.59%;FALSE;put;17/12/2027;803;0.445701884;4.501148905;
AAPL271217P00120000;10/03/2025 10:15;120;2.31;2.08;2.61;-0.02;-0.86%;1;555;34.52%;FALSE;put;17/12/2027;803;0.465080226;4.325126687;
AAPL271217P00125000;10/03/2025 13:43;125;2.67;2.59;2.72;0.03;1.14%;1;634;33.23%;FALSE;put;17/12/2027;803;0.484458569;4.26790738;
AAPL271217P00130000;10/01/2025 10:16;130;3.01;2.93;3.1;0;0.00%;1;245;32.70%;FALSE;put;17/12/2027;803;0.503836912;4.141748733;
AAPL271217P00135000;10/02/2025 13:05;135;3.38;3.3;3.45;0.06;1.81%;20;242;32.01%;FALSE;put;17/12/2027;803;0.523215255;4.03339527;
AAPL271217P00140000;10/03/2025 15:58;140;3.8;3.7;3.85;-0.01;-0.26%;1;2,470;31.39%;FALSE;put;17/12/2027;803;0.542593597;3.920788358;
AAPL271217P00145000;10/01/2025 13:05;145;4.22;4.15;4.3;0;0.00%;5;231;30.82%;FALSE;put;17/12/2027;803;0.56197194;3.805652552;
AAPL271217P00150000;10/03/2025 10:59;150;4.7;4.6;4.8;-0.02;-0.42%;11;1,101;30.28%;FALSE;put;17/12/2027;803;0.581350283;3.689682271;
AAPL271217P00155000;9/22/2025 11:03 AM;155;5.22;5.15;5.35;0.02;0.38%;4;312;29.76%;FALSE;put;17/12/2027;803;0.600728626;3.573614729;
AAPL271217P00160000;10/02/2025 11:35;160;5.8;5.7;5.95;0;0.00%;2;1,153;29.26%;FALSE;put;17/12/2027;803;0.620106968;3.457290053;
AAPL271217P00165000;10/02/2025 11:45;165;6.43;6.35;6.55;0;0.00%;6;1,062;28.70%;FALSE;put;17/12/2027;803;0.639485311;3.347270304;
AAPL271217P00170000;10/02/2025 10:17;170;7.15;7;7.25;0;0.00%;11;953;28.22%;FALSE;put;17/12/2027;803;0.658863654;3.231505263;
AAPL271217P00175000;10/03/2025 15:54;175;7.95;7.75;8;0.1;1.27%;5;974;27.74%;FALSE;put;17/12/2027;803;0.678241997;3.116632305;
AAPL271217P00180000;10/03/2025 14:46;180;8.64;8.55;8.8;-0.01;-0.12%;6;2,925;27.26%;FALSE;put;17/12/2027;803;0.69762034;3.002433219;
AAPL271217P00185000;10/02/2025 10:12;185;9.54;9.4;9.65;0.04;0.42%;2;710;26.78%;FALSE;put;17/12/2027;803;0.716998682;2.888696357;
AAPL271217P00190000;10/03/2025 13:21;190;10.47;10.3;11.2;-0.23;-2.15%;2;1,238;26.98%;FALSE;put;17/12/2027;803;0.736377025;2.727180947;
AAPL271217P00195000;10/03/2025 15:30;195;11.55;11.3;12.55;-0.37;-3.10%;6;1,612;26.84%;FALSE;put;17/12/2027;803;0.755755368;2.593284238;
AAPL271217P00200000;10/03/2025 12:06;200;12.5;12.35;12.65;0;0.00%;3;5,663;25.44%;FALSE;put;17/12/2027;803;0.775133711;2.54144431;
AAPL271217P00205000;10/03/2025 13:19;205;13.67;13.5;13.8;-0.54;-3.80%;5;401;25.01%;FALSE;put;17/12/2027;803;0.794512053;2.424550041;
AAPL271217P00210000;10/03/2025 13:19;210;14.9;14.7;15.7;-0.11;-0.73%;4;1,599;25.17%;FALSE;put;17/12/2027;803;0.813890396;2.272344236;
AAPL271217P00215000;10/03/2025 13:19;215;16.16;16;16.35;-0.14;-0.86%;4;467;24.18%;FALSE;put;17/12/2027;803;0.833268739;2.188076704;
AAPL271217P00220000;10/03/2025 15:48;220;17.62;17.4;17.75;-0.08;-0.45%;3;662;23.77%;FALSE;put;17/12/2027;803;0.852647082;2.068874491;
AAPL271217P00225000;10/03/2025 13:19;225;19.15;18.9;19.25;-0.22;-1.14%;5;300;23.37%;FALSE;put;17/12/2027;803;0.872025424;1.948495642;
AAPL271217P00230000;10/03/2025 13:12;230;20.58;20.45;20.8;-0.15;-0.72%;2;1,489;22.94%;FALSE;put;17/12/2027;803;0.891403767;1.828751177;
AAPL271217P00235000;10/03/2025 13:22;235;22.3;22.15;22.5;-0.2;-0.89%;4;117;22.56%;FALSE;put;17/12/2027;803;0.91078211;1.705659557;
AAPL271217P00240000;10/03/2025 13:21;240;24.1;23.9;24.3;-0.22;-0.90%;4;330;22.18%;FALSE;put;17/12/2027;803;0.930160453;1.581590651;
AAPL271217P00245000;10/02/2025 11:37;245;26.06;25.75;27.15;-0.17;-0.65%;4;237;22.46%;FALSE;put;17/12/2027;803;0.949538795;1.434792273;
AAPL271217P00250000;10/03/2025 12:32;250;27.82;27.75;28.15;-0.48;-1.70%;4;613;21.39%;FALSE;put;17/12/2027;803;0.968917138;1.330688937;
AAPL271217P00255000;10/03/2025 14:59;255;30.03;29.8;31.2;-0.32;-1.05%;24;323;21.64%;FALSE;put;17/12/2027;803;0.988295481;1.187703266;
AAPL271217P00260000;10/03/2025 15:51;260;32.4;32;32.5;-0.26;-0.80%;49;678;20.64%;TRUE;put;17/12/2027;803;1.007673824;1.072286278;
AAPL271217P00265000;10/03/2025 13:17;265;34.46;34.35;34.8;-0.69;-1.96%;8;277;20.24%;TRUE;put;17/12/2027;803;1.027052166;0.940711962;
AAPL271217P00270000;10/03/2025 13:15;270;36.87;36.75;37.25;-0.61;-1.63%;7;377;19.86%;TRUE;put;17/12/2027;803;1.046430509;0.80659732;
AAPL271217P00275000;10/03/2025 12:56;275;39.29;39.3;39.85;-0.41;-1.03%;6;331;19.50%;TRUE;put;17/12/2027;803;1.065808852;0.670068945;
AAPL271217P00280000;10/03/2025 12:57;280;42.05;42;42.5;-0.76;-1.78%;7;988;19.09%;TRUE;put;17/12/2027;803;1.085187195;0.530945497;
AAPL271217P00285000;10/03/2025 12:51;285;44.67;43;45.35;-0.83;-1.82%;24;274;18.73%;TRUE;put;17/12/2027;803;1.104565538;0.389133337;
AAPL271217P00290000;10/03/2025 13:17;290;47.74;45.5;48.2;-0.53;-1.10%;2;620;18.29%;TRUE;put;17/12/2027;803;1.12394388;0.242931918;
AAPL271217P00295000;10/03/2025 12:47;295;50.76;50.75;51.3;-0.87;-1.69%;2;276;17.92%;TRUE;put;17/12/2027;803;1.143322223;0.094266471;
AAPL271217P00300000;10/02/2025 12:53;300;53.9;53.9;54.5;-0.73;-1.34%;1;263;17.53%;TRUE;put;17/12/2027;803;1.162700566;-0.058703648;
AAPL271217P00305000;9/30/2025 1:06 PM;305;59.9;57.2;57.8;0;0.00%;2;9;17.12%;TRUE;put;17/12/2027;803;1.182078909;-0.216846376;
AAPL271217P00310000;10/02/2025 12:53;310;61.45;60.6;61.25;0;0.00%;22;203;16.72%;TRUE;put;17/12/2027;803;1.201457251;-0.379481689;
AAPL271217P00315000;9/30/2025 1:01 PM;315;67.12;64.15;64.8;0;0.00%;2;4;16.28%;TRUE;put;17/12/2027;803;1.220835594;-0.550056192;
AAPL271217P00320000;10/02/2025 12:53;320;68.74;67.85;68.5;0;0.00%;54;158;15.85%;TRUE;put;17/12/2027;803;1.240213937;-0.726563177;
AAPL271217P00325000;4/29/2025 2:29 PM;325;113.36;122.65;127.3;0;0.00%;2;0;52.19%;TRUE;put;17/12/2027;803;1.25959228;0.508256268;
AAPL271217P00330000;10/02/2025 12:53;330;76.56;75.15;76.95;0;0.00%;34;35;15.67%;TRUE;put;17/12/2027;803;1.278970622;-1.032065711;
AAPL271217P00350000;9/25/2025 11:04 AM;350;97;92.25;94.1;0;0.00%;8;18;14.37%;TRUE;put;17/12/2027;803;1.356483993;-1.777062068;
AAPL271217P00370000;4/15/2025 12:23 PM;370;166.14;0;0;0;0.00%;0;0;0.00%;TRUE;put;17/12/2027;803;1.433997365;-37150.0972;
AAPL271217P00380000;9/15/2025 3:37 PM;380;144.12;119.9;123.85;0;0.00%;175;0;16.68%;TRUE;put;17/12/2027;803;1.47275405;-2.192057886;
AAPL271217P00400000;9/24/2025 9:44 AM;400;147;139.95;144;0;0.00%;3;0;18.60%;TRUE;put;17/12/2027;803;1.550267421;-2.315386157;
AAPL271217P00435000;5/14/2025 10:15 AM;435;221.93;236;241;0;0.00%;0;0;68.41%;TRUE;put;17/12/2027;803;1.68591582;0.22222949;
AAPL271217P00440000;9/15/2025 3:37 PM;440;204.02;179.5;184.45;0;0.00%;160;0;22.43%;TRUE;put;17/12/2027;803;1.705294163;-2.435969777;
AAPL280121C00050000;10/01/2025 10:25;50;210.5;209;214;0;0.00%;7;9;73.19%;TRUE;call;21/01/2028;838;0.193783428;4.907998051;
AAPL280121C00080000;10/03/2025 13:54;80;186;182;187;4.85;2.68%;5;101;62.20%;TRUE;call;21/01/2028;838;0.310053484;4.214145022;
AAPL280121C00110000;9/24/2025 2:38 PM;110;151.34;155.7;159.55;0;0.00%;0;2;53.13%;TRUE;call;21/01/2028;838;0.426323541;3.682901252;
AAPL280121C00120000;9/26/2025 2:03 PM;120;148.5;147.05;151.5;0.83;0.56%;1;38;51.36%;TRUE;call;21/01/2028;838;0.465080226;3.4904904;
AAPL280121C00135000;9/26/2025 11:36 AM;135;134.52;134.05;138.95;0;0.00%;1;4;51.53%;TRUE;call;21/01/2028;838;0.523215255;3.138549781;
AAPL280121C00150000;10/01/2025 11:10;150;121.32;122.05;125.65;0;0.00%;1;8;47.27%;TRUE;call;21/01/2028;838;0.581350283;2.928796704;
AAPL280121C00155000;9/24/2025 10:41 AM;155;114.07;118.05;121;0;0.00%;0;1;45.64%;TRUE;call;21/01/2028;838;0.600728626;2.866819874;
AAPL280121C00160000;10/01/2025 15:11;160;114.6;114.05;116.4;0;0.00%;8;9;44.12%;TRUE;call;21/01/2028;838;0.620106968;2.802763063;
AAPL280121C00170000;10/01/2025 10:00;170;107.66;106.45;109;1.06;0.99%;10;49;43.01%;TRUE;call;21/01/2028;838;0.658863654;2.622409873;
AAPL280121C00175000;10/02/2025 12:55;175;103.25;102.45;104.65;0;0.00%;16;26;41.75%;TRUE;call;21/01/2028;838;0.678241997;2.551856316;
AAPL280121C00180000;10/01/2025 11:26;180;98.2;98.5;100.75;0;0.00%;2;104;40.93%;TRUE;call;21/01/2028;838;0.69762034;2.469882339;
AAPL280121C00185000;9/24/2025 10:37 AM;185;91.14;94.6;97.1;0;0.00%;2;46;40.33%;TRUE;call;21/01/2028;838;0.716998682;2.382661733;
AAPL280121C00190000;10/03/2025 15:53;190;92.33;91.75;93.15;1;1.09%;1;98;39.42%;TRUE;call;21/01/2028;838;0.736377025;2.303136794;
AAPL280121C00195000;10/02/2025 12:19;195;88.45;88.2;89.5;-0.55;-0.62%;2;18;38.75%;TRUE;call;21/01/2028;838;0.755755368;2.217880564;
AAPL280121C00200000;10/03/2025 12:53;200;86.08;84.25;85.85;0.73;0.86%;14;283;38.06%;TRUE;call;21/01/2028;838;0.775133711;2.133075978;
AAPL280121C00210000;10/03/2025 15:00;210;78.87;77.15;79;0.27;0.34%;4;28;36.95%;TRUE;call;21/01/2028;838;0.813890396;1.957888838;
AAPL280121C00220000;10/03/2025 14:49;220;72.17;70.65;73;0.45;0.63%;10;408;36.33%;TRUE;call;21/01/2028;838;0.852647082;1.775532133;
AAPL280121C00230000;10/03/2025 12:07;230;65.97;65;65.95;1.43;2.22%;28;151;34.78%;TRUE;call;21/01/2028;838;0.891403767;1.605883169;
AAPL280121C00240000;10/03/2025 12:52;240;60.08;58.5;59.9;1.68;2.88%;15;264;33.81%;TRUE;call;21/01/2028;838;0.930160453;1.426997636;
AAPL280121C00250000;10/03/2025 15:51;250;53.6;53.45;54.05;0.17;0.32%;38;501;32.83%;TRUE;call;21/01/2028;838;0.968917138;1.246590359;
AAPL280121C00260000;10/03/2025 15:10;260;48.28;47.85;48.95;-0.12;-0.25%;28;550;32.18%;FALSE;call;21/01/2028;838;1.007673824;1.064260938;
AAPL280121C00270000;10/03/2025 15:54;270;43.25;42.85;44.15;0.05;0.12%;89;600;31.55%;FALSE;call;21/01/2028;838;1.046430509;0.88213077;
AAPL280121C00280000;10/03/2025 12:40;280;39.19;38.6;39.15;1.09;2.86%;16;501;30.61%;FALSE;call;21/01/2028;838;1.085187195;0.695999691;
AAPL280121C00290000;10/03/2025 13:53;290;34.45;34.4;34.9;-0.34;-0.98%;85;712;29.99%;FALSE;call;21/01/2028;838;1.12394388;0.511306598;
AAPL280121C00300000;10/03/2025 15:49;300;30.97;30.6;31.05;0.02;0.06%;72;555;29.45%;FALSE;call;21/01/2028;838;1.162700566;0.32730453;
AAPL280121C00310000;10/03/2025 13:53;310;27.16;27;27.55;-0.04;-0.15%;7;54;28.96%;FALSE;call;21/01/2028;838;1.201457251;0.144097982;
AAPL280121C00320000;10/03/2025 15:59;320;24.1;24;24.4;0.2;0.84%;38;414;28.53%;FALSE;call;21/01/2028;838;1.240213937;-0.037412198;
AAPL280121C00330000;10/03/2025 13:09;330;21.3;21.15;21.55;-0.2;-0.93%;11;33;28.13%;FALSE;call;21/01/2028;838;1.278970622;-0.217703547;
AAPL280121C00340000;10/03/2025 13:08;340;19.07;18.65;19.05;0.14;0.74%;2;62;27.81%;FALSE;call;21/01/2028;838;1.317727308;-0.394051765;
AAPL280121C00350000;10/03/2025 13:12;350;16.91;16.35;16.75;0.35;2.11%;11;26;27.48%;FALSE;call;21/01/2028;838;1.356483993;-0.5701611;
AAPL280121C00360000;10/03/2025 13:08;360;14.85;14.4;14.8;0.19;1.30%;2;143;27.25%;FALSE;call;21/01/2028;838;1.395240679;-0.739644939;
AAPL280121C00370000;10/03/2025 13:17;370;12.82;12.65;13;-0.09;-0.70%;9;7;27.00%;FALSE;call;21/01/2028;838;1.433997365;-0.908985734;
AAPL280121C00380000;10/03/2025 13:51;380;11.24;11.05;11.5;-0.1;-0.88%;15;28;26.84%;FALSE;call;21/01/2028;838;1.47275405;-1.0705336;
AAPL280121C00390000;10/03/2025 13:46;390;9.94;9.7;10.1;-0.1;-1.00%;5;1;26.64%;FALSE;call;21/01/2028;838;1.511510736;-1.233290828;
AAPL280121C00400000;10/02/2025 11:35;400;8.73;8.55;8.95;0;0.00%;27;175;26.54%;FALSE;call;21/01/2028;838;1.550267421;-1.385961682;
AAPL280121C00420000;10/02/2025 12:00;420;7.01;6.6;6.95;0.19;2.79%;3;9;26.30%;FALSE;call;21/01/2028;838;1.627780792;-1.688079578;
AAPL280121C00440000;10/02/2025 12:47;440;5.25;5.1;5.45;0;0.00%;11;51;26.16%;FALSE;call;21/01/2028;838;1.705294163;-1.97143601;
AAPL280121C00450000;10/03/2025 15:59;450;4.65;4.5;4.85;-0.05;-1.06%;71;1,615;26.14%;FALSE;call;21/01/2028;838;1.744050849;-2.103900513;
AAPL280121P00060000;9/29/2025 12:33 PM;60;0.41;0.33;0.52;0;0.00%;3;7;45.65%;FALSE;put;21/01/2028;838;0.232540113;6.016668861;
AAPL280121P00090000;10/01/2025 15:25;90;1.13;0.99;1.19;0;0.00%;2;7;38.36%;FALSE;put;21/01/2028;838;0.34881017;5.280812234;
AAPL280121P00100000;10/02/2025 14:16;100;1.47;1.35;1.54;0;0.00%;4;11;36.55%;FALSE;put;21/01/2028;838;0.387566855;5.041020935;
AAPL280121P00110000;10/02/2025 14:17;110;1.92;1.78;1.98;0;0.00%;10;5;34.96%;FALSE;put;21/01/2028;838;0.426323541;4.800635414;
AAPL280121P00120000;10/03/2025 12:58;120;2.43;2.32;2.53;-0.02;-0.82%;1;4;33.55%;FALSE;put;21/01/2028;838;0.465080226;4.559345389;
AAPL280121P00130000;10/01/2025 15:26;130;3.09;2.98;3.2;0;0.00%;10;28;32.26%;FALSE;put;21/01/2028;838;0.503836912;4.319942711;
AAPL280121P00135000;9/26/2025 1:50 PM;135;3.46;3.35;3.6;-0.04;-1.14%;20;1;31.68%;FALSE;put;21/01/2028;838;0.523215255;4.198166323;
AAPL280121P00140000;10/03/2025 13:42;140;3.9;3.75;4.05;0.05;1.30%;1;8;31.15%;FALSE;put;21/01/2028;838;0.542593597;4.074102832;
AAPL280121P00145000;9/29/2025 10:01 AM;145;4.5;4.2;4.5;0;0.00%;7;8;30.55%;FALSE;put;21/01/2028;838;0.56197194;3.958997384;
AAPL280121P00150000;10/02/2025 10:30;150;4.85;4.7;5;0;0.00%;2;30;29.99%;FALSE;put;21/01/2028;838;0.581350283;3.841978775;
AAPL280121P00160000;10/03/2025 13:07;160;5.99;5.85;6.15;-0.06;-0.99%;2;3;28.95%;FALSE;put;21/01/2028;838;0.620106968;3.605386423;
AAPL280121P00170000;10/02/2025 11:55;170;7.34;7.2;7.5;0;0.00%;6;1,078;27.95%;FALSE;put;21/01/2028;838;0.658863654;3.370320693;
AAPL280121P00175000;10/03/2025 12:47;175;8.03;7.9;8.25;0.03;0.37%;10;55;27.47%;FALSE;put;21/01/2028;838;0.678241997;3.252479462;
AAPL280121P00180000;10/02/2025 10:38;180;8.95;8.75;9.1;0;0.00%;2;23;27.04%;FALSE;put;21/01/2028;838;0.69762034;3.13126886;
AAPL280121P00185000;10/03/2025 13:07;185;9.87;9.65;9.95;-0.13;-1.30%;2;9;26.54%;FALSE;put;21/01/2028;838;0.716998682;3.016280294;
AAPL280121P00190000;10/03/2025 10:29;190;10.75;10.6;10.9;-0.14;-1.29%;2;30;26.10%;FALSE;put;21/01/2028;838;0.736377025;2.896876924;
AAPL280121P00195000;10/03/2025 13:07;195;11.77;11.6;11.95;-0.18;-1.51%;2;33;25.70%;FALSE;put;21/01/2028;838;0.755755368;2.774799139;
AAPL280121P00200000;10/03/2025 15:37;200;12.85;12.65;13.05;-0.05;-0.39%;3;233;25.28%;FALSE;put;21/01/2028;838;0.775133711;2.654422814;
AAPL280121P00210000;10/03/2025 12:09;210;15.22;15.1;15.45;-0.19;-1.23%;4;16;24.43%;FALSE;put;21/01/2028;838;0.813890396;2.414092734;
AAPL280121P00220000;10/03/2025 11:43;220;17.85;17.75;18.2;-0.35;-1.92%;7;69;23.62%;FALSE;put;21/01/2028;838;0.852647082;2.16980181;
AAPL280121P00230000;10/02/2025 14:47;230;21.12;20.75;21.3;-0.06;-0.28%;2;331;22.83%;FALSE;put;21/01/2028;838;0.891403767;1.921911673;
AAPL280121P00240000;10/03/2025 15:53;240;24.63;24.35;24.8;-0.12;-0.48%;25;187;22.06%;FALSE;put;21/01/2028;838;0.930160453;1.669425566;
AAPL280121P00250000;10/03/2025 14:59;250;28.45;28.15;28.7;-0.2;-0.70%;23;169;21.30%;FALSE;put;21/01/2028;838;0.968917138;1.411696685;
AAPL280121P00260000;10/03/2025 15:02;260;32.82;32.45;33.05;-0.08;-0.24%;18;103;20.56%;TRUE;put;21/01/2028;838;1.007673824;1.147265499;
AAPL280121P00270000;10/02/2025 15:11;270;37.76;37.15;37.8;0;0.00%;5;45;19.80%;TRUE;put;21/01/2028;838;1.046430509;0.875555669;
AAPL280121P00280000;10/03/2025 13:16;280;42.48;42.35;43.1;-0.52;-1.21%;184;207;19.08%;TRUE;put;21/01/2028;838;1.085187195;0.594279044;
AAPL280121P00290000;10/03/2025 13:16;290;48.5;48.05;48.8;-1.85;-3.67%;182;220;18.30%;TRUE;put;21/01/2028;838;1.12394388;0.301358535;
AAPL280121P00300000;10/03/2025 09:30;300;56.21;54.2;55.05;1.31;2.39%;17;69;17.55%;TRUE;put;21/01/2028;838;1.162700566;-0.005092092;
AAPL280121P00310000;10/01/2025 15:18;310;62.25;60.9;61.75;0;0.00%;1;2;16.75%;TRUE;put;21/01/2028;838;1.201457251;-0.330431956;
AAPL280121P00320000;9/26/2025 10:36 AM;320;70.95;68.05;68.95;0;0.00%;2;6;15.92%;TRUE;put;21/01/2028;838;1.240213937;-0.679440614;
AAPL280121P00330000;10/03/2025 15:01;330;75.86;75.55;76.75;-2.6;-3.31%;63;2;15.14%;TRUE;put;21/01/2028;838;1.278970622;-1.050220029;
